SlNo,State_Code,State,District_Key,District,Confirmed,Active,Recovered,Deceased,Migrated_Other,Delta_Confirmed,Delta_Active,Delta_Recovered,Delta_Deceased,District_Notes,Last_Updated
0,UN,State Unassigned,UN_Unassigned,Unassigned,0,0,0,0,0,0,0,0,0,,
1,AN,Andaman and Nicobar Islands,AN_Nicobars,Nicobars,0,0,0,0,0,0,0,0,0,District-wise numbers are out-dated as cumulative counts for each district are not reported in bulletin,
2,AN,Andaman and Nicobar Islands,AN_North and Middle Andaman,North and Middle Andaman,1,0,1,0,0,0,0,0,0,District-wise numbers are out-dated as cumulative counts for each district are not reported in bulletin,
3,AN,Andaman and Nicobar Islands,AN_South Andaman,South Andaman,51,19,32,0,0,0,0,0,0,District-wise numbers are out-dated as cumulative counts for each district are not reported in bulletin,
0,AP,Andhra Pradesh,AP_Foreign Evacuees,Foreign Evacuees,434,0,434,0,0,0,0,0,0,,
4,AP,Andhra Pradesh,AP_Anantapur,Anantapur,157166,109,155966,1091,0,0,0,0,0,,
5,AP,Andhra Pradesh,AP_Chittoor,Chittoor,238338,1969,234521,1848,0,0,0,0,0,,
6,AP,Andhra Pradesh,AP_East Godavari,East Godavari,285839,2180,282400,1259,0,0,0,0,0,,
7,AP,Andhra Pradesh,AP_Guntur,Guntur,172614,1019,170412,1183,0,0,0,0,0,,
8,AP,Andhra Pradesh,AP_Krishna,Krishna,113859,2098,110446,1315,0,0,0,0,0,,
9,AP,Andhra Pradesh,AP_Kurnool,Kurnool,123797,82,122866,849,0,0,0,0,0,,
0,AP,Andhra Pradesh,AP_Other State,Other State,2461,0,2461,0,0,0,0,0,0,,
10,AP,Andhra Pradesh,AP_Prakasam,Prakasam,133786,1996,130740,1050,0,0,0,0,0,,
11,AP,Andhra Pradesh,AP_S.P.S. Nellore,S.P.S. Nellore,140306,2021,137278,1007,0,0,0,0,0,,
12,AP,Andhra Pradesh,AP_Srikakulam,Srikakulam,122082,395,120908,779,0,0,0,0,0,,
13,AP,Andhra Pradesh,AP_Visakhapatnam,Visakhapatnam,155010,481,153423,1106,0,0,0,0,0,,
14,AP,Andhra Pradesh,AP_Vizianagaram,Vizianagaram,82436,324,81443,669,0,0,0,0,0,,
15,AP,Andhra Pradesh,AP_West Godavari,West Godavari,174469,1299,172089,1081,0,0,0,0,0,,
16,AP,Andhra Pradesh,AP_Y.S.R. Kadapa,Y.S.R. Kadapa,112705,500,111575,630,0,0,0,0,0,,
17,AR,Arunachal Pradesh,AR_Anjaw,Anjaw,1038,18,1017,3,0,0,0,0,0,,
18,AR,Arunachal Pradesh,AR_Changlang,Changlang,3733,47,3665,21,0,0,0,0,0,,
19,AR,Arunachal Pradesh,AR_East Kameng,East Kameng,1079,2,1077,0,0,0,0,0,0,,
20,AR,Arunachal Pradesh,AR_East Siang,East Siang,3062,49,2996,17,0,0,0,0,0,,
21,AR,Arunachal Pradesh,AR_Kamle,Kamle,506,17,489,0,0,0,0,0,0,,
22,AR,Arunachal Pradesh,AR_Kra Daadi,Kra Daadi,267,5,262,0,0,0,0,0,0,,
23,AR,Arunachal Pradesh,AR_Kurung Kumey,Kurung Kumey,509,1,507,1,0,0,0,0,0,,
24,AR,Arunachal Pradesh,AR_Lepa Rada,Lepa Rada,855,26,827,2,0,0,0,0,0,,
25,AR,Arunachal Pradesh,AR_Lohit,Lohit,2761,38,2697,26,0,0,0,0,0,,
26,AR,Arunachal Pradesh,AR_Longding,Longding,738,4,732,2,0,0,0,0,0,,
27,AR,Arunachal Pradesh,AR_Lower Dibang Valley,Lower Dibang Valley,2246,56,2180,10,0,0,0,0,0,,
28,AR,Arunachal Pradesh,AR_Lower Siang,Lower Siang,736,11,717,8,0,0,0,0,0,,
29,AR,Arunachal Pradesh,AR_Lower Subansiri,Lower Subansiri,2840,84,2745,11,0,0,0,0,0,,
30,AR,Arunachal Pradesh,AR_Namsai,Namsai,2001,20,1965,16,0,0,0,0,0,,
31,AR,Arunachal Pradesh,AR_Pakke Kessang,Pakke Kessang,426,21,405,0,0,0,0,0,0,,
32,AR,Arunachal Pradesh,AR_Papum Pare,Papum Pare,17878,214,17572,92,0,0,0,0,0,,
33,AR,Arunachal Pradesh,AR_Shi Yomi,Shi Yomi,234,5,229,0,0,0,0,0,0,,
34,AR,Arunachal Pradesh,AR_Siang,Siang,408,5,400,3,0,0,0,0,0,,
35,AR,Arunachal Pradesh,AR_Tawang,Tawang,2378,39,2321,18,0,0,0,0,0,,
36,AR,Arunachal Pradesh,AR_Tirap,Tirap,1027,11,1013,3,0,0,0,0,0,,
37,AR,Arunachal Pradesh,AR_Upper Dibang Valley,Upper Dibang Valley,323,28,293,2,0,0,0,0,0,,
38,AR,Arunachal Pradesh,AR_Upper Siang,Upper Siang,965,58,906,1,0,0,0,0,0,,
39,AR,Arunachal Pradesh,AR_Upper Subansiri,Upper Subansiri,1949,13,1930,6,0,0,0,0,0,,
40,AR,Arunachal Pradesh,AR_West Kameng,West Kameng,3337,62,3262,13,0,0,0,0,0,,
41,AR,Arunachal Pradesh,AR_West Siang,West Siang,1806,39,1762,5,0,0,0,0,0,,
0,AS,Assam,AS_Airport Quarantine,Airport Quarantine,13,0,13,0,0,0,0,0,0,,
42,AS,Assam,AS_Baksa,Baksa,6207,5702,447,58,0,0,0,0,0,,
43,AS,Assam,AS_Barpeta,Barpeta,12297,11110,1024,163,0,0,0,0,0,,
44,AS,Assam,AS_Biswanath,Biswanath,8858,8427,379,52,0,0,0,0,0,,
45,AS,Assam,AS_Bongaigaon,Bongaigaon,6327,5424,834,69,0,0,0,0,0,,
46,AS,Assam,AS_Cachar,Cachar,24051,22361,1498,192,0,0,0,0,0,,
47,AS,Assam,AS_Charaideo,Charaideo,3587,3432,105,50,0,0,0,0,0,,
48,AS,Assam,AS_Chirang,Chirang,2680,2424,219,37,0,0,0,0,0,,
49,AS,Assam,AS_Darrang,Darrang,10556,8722,1730,104,0,0,0,0,0,,
50,AS,Assam,AS_Dhemaji,Dhemaji,7514,7031,440,43,0,0,0,0,0,,
51,AS,Assam,AS_Dhubri,Dhubri,7915,6647,1215,53,0,0,0,0,0,,
52,AS,Assam,AS_Dibrugarh,Dibrugarh,33541,30752,2409,380,0,0,0,0,0,,
53,AS,Assam,AS_Dima Hasao,Dima Hasao,3292,3078,199,15,0,0,0,0,0,,
54,AS,Assam,AS_Goalpara,Goalpara,10741,38,568,85,0,0,0,0,0,,
55,AS,Assam,AS_Golaghat,Golaghat,22638,20752,1656,230,0,0,0,0,0,,
56,AS,Assam,AS_Hailakandi,Hailakandi,6109,4959,1116,34,0,0,0,0,0,,
57,AS,Assam,AS_Hojai,Hojai,7273,6005,1160,108,0,0,0,0,0,,
58,AS,Assam,AS_Jorhat,Jorhat,23833,21795,1752,286,0,0,0,0,0,,
59,AS,Assam,AS_Kamrup,Kamrup,31814,29484,2074,256,0,0,0,0,0,,
60,AS,Assam,AS_Kamrup Metropolitan,Kamrup Metropolitan,104778,88589,15370,819,0,0,0,0,0,,
61,AS,Assam,AS_Karbi Anglong,Karbi Anglong,7023,6362,552,109,0,0,0,0,0,,
62,AS,Assam,AS_Karimganj,Karimganj,7853,6812,955,86,0,0,0,0,0,,
63,AS,Assam,AS_Kokrajhar,Kokrajhar,5451,5036,353,62,0,0,0,0,0,,
64,AS,Assam,AS_Lakhimpur,Lakhimpur,14540,13305,1135,100,0,0,0,0,0,,
65,AS,Assam,AS_Majuli,Majuli,1928,1836,80,12,0,0,0,0,0,,
66,AS,Assam,AS_Morigaon,Morigaon,13271,12644,557,70,0,0,0,0,0,,
67,AS,Assam,AS_Nagaon,Nagaon,24082,21380,2506,196,0,0,0,0,0,,
68,AS,Assam,AS_Nalbari,Nalbari,10204,9268,828,108,0,0,0,0,0,,
0,AS,Assam,AS_Other State,Other State,192,191,1,0,0,0,0,0,0,,
69,AS,Assam,AS_Sivasagar,Sivasagar,10489,9847,473,169,0,0,0,0,0,,
70,AS,Assam,AS_Sonitpur,Sonitpur,20298,18359,1727,212,0,0,0,0,0,,
71,AS,Assam,AS_South Salmara Mankachar,South Salmara Mankachar,1846,1783,47,16,0,0,0,0,0,,
72,AS,Assam,AS_Tinsukia,Tinsukia,19634,17587,1798,249,0,0,0,0,0,,
73,AS,Assam,AS_Udalguri,Udalguri,5592,4853,666,73,0,0,0,0,0,,
74,AS,Assam,AS_West Karbi Anglong,West Karbi Anglong,1301,1258,37,6,0,0,0,0,0,,
75,BR,Bihar,BR_Araria,Araria,14969,3,14850,116,0,0,0,0,0,,
76,BR,Bihar,BR_Arwal,Arwal,7381,0,7307,74,0,0,0,0,0,,
77,BR,Bihar,BR_Aurangabad,Aurangabad,20011,0,19936,75,0,0,0,0,0,,
78,BR,Bihar,BR_Banka,Banka,7379,0,7267,112,0,0,0,0,0,,
79,BR,Bihar,BR_Begusarai,Begusarai,27185,1,26727,457,0,0,0,0,0,,
80,BR,Bihar,BR_Bhagalpur,Bhagalpur,25833,3,25521,309,0,0,0,0,0,,
81,BR,Bihar,BR_Bhojpur,Bhojpur,10186,6,10021,159,0,0,0,0,0,,
82,BR,Bihar,BR_Buxar,Buxar,9248,0,9066,182,0,0,0,0,0,,
83,BR,Bihar,BR_Darbhanga,Darbhanga,10923,5,10551,367,0,0,0,0,0,,
101,BR,Bihar,BR_East Champaran,East Champaran,19009,1,18578,430,0,0,0,0,0,,
84,BR,Bihar,BR_Gaya,Gaya,33944,1,33664,279,0,0,0,0,0,,
85,BR,Bihar,BR_Gopalganj,Gopalganj,16676,1,16581,94,0,0,0,0,0,,
86,BR,Bihar,BR_Jamui,Jamui,9415,0,9309,106,0,0,0,0,0,,
87,BR,Bihar,BR_Jehanabad,Jehanabad,10775,0,10666,109,0,0,0,0,0,,
88,BR,Bihar,BR_Kaimur,Kaimur,4983,0,4836,147,0,0,0,0,0,,
89,BR,Bihar,BR_Katihar,Katihar,18136,2,18040,94,0,0,0,0,0,,
90,BR,Bihar,BR_Khagaria,Khagaria,10059,1,9970,88,0,0,0,0,0,,
91,BR,Bihar,BR_Kishanganj,Kishanganj,10113,3,10044,66,0,0,0,0,0,,
92,BR,Bihar,BR_Lakhisarai,Lakhisarai,7773,0,7671,102,0,0,0,0,0,,
93,BR,Bihar,BR_Madhepura,Madhepura,12538,10,12417,111,0,0,0,0,0,,
94,BR,Bihar,BR_Madhubani,Madhubani,18342,0,18004,338,0,0,0,0,0,,
95,BR,Bihar,BR_Munger,Munger,15104,0,14946,158,0,0,0,0,0,,
96,BR,Bihar,BR_Muzaffarpur,Muzaffarpur,31392,2,30769,621,0,0,0,0,0,,
97,BR,Bihar,BR_Nalanda,Nalanda,23430,1,22961,468,0,0,0,0,0,,
98,BR,Bihar,BR_Nawada,Nawada,10351,1,10172,178,0,0,0,0,0,,
100,BR,Bihar,BR_Patna,Patna,146897,14,144551,2332,0,0,0,0,0,,
102,BR,Bihar,BR_Purnia,Purnia,24420,2,24238,180,0,0,0,0,0,,
103,BR,Bihar,BR_Rohtas,Rohtas,13971,2,13699,270,0,0,0,0,0,,
104,BR,Bihar,BR_Saharsa,Saharsa,17615,14,17467,134,0,0,0,0,0,,
105,BR,Bihar,BR_Samastipur,Samastipur,20004,4,19845,155,0,0,0,0,0,,
106,BR,Bihar,BR_Saran,Saran,23272,1,23016,255,0,0,0,0,0,,
107,BR,Bihar,BR_Sheikhpura,Sheikhpura,7692,0,7617,75,0,0,0,0,0,,
108,BR,Bihar,BR_Sheohar,Sheohar,4399,2,4361,36,0,0,0,0,0,,
109,BR,Bihar,BR_Sitamarhi,Sitamarhi,9179,1,9051,127,0,0,0,0,0,,
110,BR,Bihar,BR_Siwan,Siwan,15195,0,15025,170,0,0,0,0,0,,
111,BR,Bihar,BR_Supaul,Supaul,17211,1,17081,129,0,0,0,0,0,,
112,BR,Bihar,BR_Vaishali,Vaishali,19821,3,19625,192,1,0,0,0,0,,
99,BR,Bihar,BR_West Champaran,West Champaran,20887,0,20529,358,0,0,0,0,0,,
113,CH,Chandigarh,CH_Chandigarh,Chandigarh,65108,37,64257,814,0,0,0,0,0,,
0,CT,Chhattisgarh,CT_Other State,Other State,770,2,637,131,0,0,0,0,0,,
114,CT,Chhattisgarh,CT_Balod,Balod,27264,3,26865,396,0,0,0,0,0,,
115,CT,Chhattisgarh,CT_Baloda Bazar,Baloda Bazar,43036,12,42554,470,0,0,0,0,0,,
116,CT,Chhattisgarh,CT_Balrampur,Balrampur,20291,5,20168,118,0,0,0,0,0,,
117,CT,Chhattisgarh,CT_Bametara,Bametara,19946,1,19709,236,0,0,0,0,0,,
118,CT,Chhattisgarh,CT_Bastar,Bastar,21012,21,20803,188,0,0,0,0,0,,
119,CT,Chhattisgarh,CT_Bijapur,Bijapur,8293,15,8223,55,0,0,0,0,0,,
120,CT,Chhattisgarh,CT_Bilaspur,Bilaspur,65521,23,64291,1207,0,0,0,0,0,,
121,CT,Chhattisgarh,CT_Dakshin Bastar Dantewada,Dakshin Bastar Dantewada,10775,13,10738,24,0,0,0,0,0,,
122,CT,Chhattisgarh,CT_Dhamtari,Dhamtari,27212,6,26661,545,0,0,0,0,0,,
123,CT,Chhattisgarh,CT_Durg,Durg,96703,26,94882,1795,0,0,0,0,0,,
124,CT,Chhattisgarh,CT_Gariaband,Gariaband,19687,9,19484,194,0,0,0,0,0,,
125,CT,Chhattisgarh,CT_Janjgir Champa,Janjgir Champa,57518,32,56654,832,0,0,0,0,0,,
126,CT,Chhattisgarh,CT_Jashpur,Jashpur,27020,38,26770,212,0,0,0,0,0,,
127,CT,Chhattisgarh,CT_Kabeerdham,Kabeerdham,22770,0,22503,267,0,0,0,0,0,,
128,CT,Chhattisgarh,CT_Kondagaon,Kondagaon,13090,8,12983,99,0,0,0,0,0,,
129,CT,Chhattisgarh,CT_Korba,Korba,54686,47,54063,576,0,0,0,0,0,,
130,CT,Chhattisgarh,CT_Koriya,Koriya,26946,14,26757,175,0,0,0,0,0,,
131,CT,Chhattisgarh,CT_Mahasamund,Mahasamund,31342,6,30971,365,0,0,0,0,0,,
132,CT,Chhattisgarh,CT_Mungeli,Mungeli,23901,3,23731,167,0,0,0,0,0,,
133,CT,Chhattisgarh,CT_Narayanpur,Narayanpur,4015,8,3993,14,0,0,0,0,0,,
134,CT,Chhattisgarh,CT_Raigarh,Raigarh,62511,12,61521,978,0,0,0,0,0,,
135,CT,Chhattisgarh,CT_Raipur,Raipur,157873,35,154699,3139,0,0,0,0,0,,
136,CT,Chhattisgarh,CT_Rajnandgaon,Rajnandgaon,56025,10,55501,514,0,0,0,0,0,,
137,CT,Chhattisgarh,CT_Sukma,Sukma,8015,19,7976,20,0,0,0,0,0,,
138,CT,Chhattisgarh,CT_Surajpur,Surajpur,29020,2,28794,224,0,0,0,0,0,,
139,CT,Chhattisgarh,CT_Surguja,Surguja,33662,13,33404,245,0,0,0,0,0,,
140,CT,Chhattisgarh,CT_Uttar Bastar Kanker,Uttar Bastar Kanker,23569,5,23341,223,0,0,0,0,0,,
766,CT,Chhattisgarh,CT_Gaurela Pendra Marwahi,Gaurela Pendra Marwahi,12009,3,11860,146,0,0,0,0,0,,
144,DL,Delhi,DL_Central Delhi,Central Delhi,184,184,0,0,0,0,0,0,0,District-wise numbers are out-dated as cumulative counts for each district are not reported in bulletin,
145,DL,Delhi,DL_East Delhi,East Delhi,38,38,0,0,0,0,0,0,0,District-wise numbers are out-dated as cumulative counts for each district are not reported in bulletin,
146,DL,Delhi,DL_New Delhi,New Delhi,37,37,0,0,0,0,0,0,0,District-wise numbers are out-dated as cumulative counts for each district are not reported in bulletin,
147,DL,Delhi,DL_North Delhi,North Delhi,60,60,0,0,0,0,0,0,0,District-wise numbers are out-dated as cumulative counts for each district are not reported in bulletin,
148,DL,Delhi,DL_North East Delhi,North East Delhi,25,25,0,0,0,0,0,0,0,District-wise numbers are out-dated as cumulative counts for each district are not reported in bulletin,
149,DL,Delhi,DL_North West Delhi,North West Delhi,32,31,0,1,0,0,0,0,0,District-wise numbers are out-dated as cumulative counts for each district are not reported in bulletin,
150,DL,Delhi,DL_Shahdara,Shahdara,48,48,0,0,0,0,0,0,0,District-wise numbers are out-dated as cumulative counts for each district are not reported in bulletin,
151,DL,Delhi,DL_South Delhi,South Delhi,70,70,0,0,0,0,0,0,0,District-wise numbers are out-dated as cumulative counts for each district are not reported in bulletin,
152,DL,Delhi,DL_South East Delhi,South East Delhi,130,130,0,0,0,0,0,0,0,District-wise numbers are out-dated as cumulative counts for each district are not reported in bulletin,
153,DL,Delhi,DL_South West Delhi,South West Delhi,42,42,0,0,0,0,0,0,0,District-wise numbers are out-dated as cumulative counts for each district are not reported in bulletin,
154,DL,Delhi,DL_West Delhi,West Delhi,122,122,0,0,0,0,0,0,0,District-wise numbers are out-dated as cumulative counts for each district are not reported in bulletin,
0,DN,Dadra and Nagar Haveli and Daman and Diu,DN_Other State,Other State,0,0,0,0,0,0,0,0,0,,
141,DN,Dadra and Nagar Haveli and Daman and Diu,DN_Dadra and Nagar Haveli,Dadra and Nagar Haveli,5912,4,5900,3,5,0,0,0,0,,
142,DN,Dadra and Nagar Haveli and Daman and Diu,DN_Daman,Daman,3536,0,3509,1,26,0,0,0,0,,
143,DN,Dadra and Nagar Haveli and Daman and Diu,DN_Diu,Diu,1218,0,1218,0,0,0,0,0,0,,
0,GA,Goa,GA_Other State,Other State,200,9,190,1,0,0,0,0,0,District-wise numbers are out-dated as cumulative counts for each district are not reported in bulletin,
155,GA,Goa,GA_North Goa,North Goa,2668,1639,964,65,0,0,0,0,0,District-wise numbers are out-dated as cumulative counts for each district are not reported in bulletin,
156,GA,Goa,GA_South Goa,South Goa,3511,1978,1407,126,0,0,0,0,0,District-wise numbers are out-dated as cumulative counts for each district are not reported in bulletin,
0,GJ,Gujarat,GJ_Other State,Other State,162,0,159,3,0,0,0,0,0,,
157,GJ,Gujarat,GJ_Ahmedabad,Ahmedabad,238112,41,234660,3411,0,0,0,0,0,,
158,GJ,Gujarat,GJ_Amreli,Amreli,10807,0,10705,102,0,0,0,0,0,,
159,GJ,Gujarat,GJ_Anand,Anand,9627,1,9577,49,0,0,0,0,0,,
160,GJ,Gujarat,GJ_Aravalli,Aravalli,5186,0,5108,78,0,0,0,0,0,,
161,GJ,Gujarat,GJ_Banaskantha,Banaskantha,13631,0,13469,162,0,0,0,0,0,,
162,GJ,Gujarat,GJ_Bharuch,Bharuch,11426,0,11308,118,0,0,0,0,0,,
163,GJ,Gujarat,GJ_Bhavnagar,Bhavnagar,21424,9,21115,300,0,0,0,0,0,,
164,GJ,Gujarat,GJ_Botad,Botad,2218,1,2175,42,0,0,0,0,0,,
165,GJ,Gujarat,GJ_Chhota Udaipur,Chhota Udaipur,3395,0,3357,38,0,0,0,0,0,,
167,GJ,Gujarat,GJ_Dahod,Dahod,9955,9,9908,38,0,0,0,0,0,,
187,GJ,Gujarat,GJ_Dang,Dang,864,0,846,18,0,0,0,0,0,,
166,GJ,Gujarat,GJ_Devbhumi Dwarka,Devbhumi Dwarka,4173,0,4091,82,0,0,0,0,0,,
168,GJ,Gujarat,GJ_Gandhinagar,Gandhinagar,20745,3,20537,205,0,0,0,0,0,,
169,GJ,Gujarat,GJ_Gir Somnath,Gir Somnath,8558,0,8491,67,0,0,0,0,0,,
170,GJ,Gujarat,GJ_Jamnagar,Jamnagar,34957,3,34476,478,0,0,0,0,0,,
171,GJ,Gujarat,GJ_Junagadh,Junagadh,20478,0,20207,271,0,0,0,0,0,,
173,GJ,Gujarat,GJ_Kheda,Kheda,10422,0,10374,48,0,0,0,0,0,,
172,GJ,Gujarat,GJ_Kutch,Kutch,12596,8,12443,145,0,0,0,0,0,,
175,GJ,Gujarat,GJ_Mahisagar,Mahisagar,8193,2,8119,72,0,0,0,0,0,,
174,GJ,Gujarat,GJ_Mehsana,Mehsana,24415,1,24237,177,0,0,0,0,0,,
176,GJ,Gujarat,GJ_Morbi,Morbi,6502,0,6415,87,0,0,0,0,0,,
177,GJ,Gujarat,GJ_Narmada,Narmada,5953,1,5937,15,0,0,0,0,0,,
178,GJ,Gujarat,GJ_Navsari,Navsari,7157,0,7133,24,0,0,0,0,0,,
179,GJ,Gujarat,GJ_Panchmahal,Panchmahal,11770,0,11700,70,0,0,0,0,0,,
180,GJ,Gujarat,GJ_Patan,Patan,11624,0,11495,129,0,0,0,0,0,,
181,GJ,Gujarat,GJ_Porbandar,Porbandar,3481,2,3460,19,0,0,0,0,0,,
182,GJ,Gujarat,GJ_Rajkot,Rajkot,57933,6,57202,725,0,0,0,0,0,,
183,GJ,Gujarat,GJ_Sabarkantha,Sabarkantha,9315,0,9158,157,0,0,0,0,0,,
184,GJ,Gujarat,GJ_Surat,Surat,143552,19,141578,1955,0,0,0,0,0,,
185,GJ,Gujarat,GJ_Surendranagar,Surendranagar,8121,0,7985,136,0,0,0,0,0,,
186,GJ,Gujarat,GJ_Tapi,Tapi,4439,1,4415,23,0,0,0,0,0,,
188,GJ,Gujarat,GJ_Vadodara,Vadodara,77999,46,77165,788,0,0,0,0,0,,
189,GJ,Gujarat,GJ_Valsad,Valsad,6245,0,6196,49,0,0,0,0,0,,
212,HP,Himachal Pradesh,HP_Bilaspur,Bilaspur,13427,117,13227,82,1,0,0,0,0,,
213,HP,Himachal Pradesh,HP_Chamba,Chamba,13475,143,13172,158,2,0,0,0,0,,
214,HP,Himachal Pradesh,HP_Hamirpur,Hamirpur,15329,259,14809,260,1,0,0,0,0,,
215,HP,Himachal Pradesh,HP_Kangra,Kangra,47682,315,46301,1062,4,0,0,0,0,,
216,HP,Himachal Pradesh,HP_Kinnaur,Kinnaur,3404,33,3333,38,0,0,0,0,0,,
217,HP,Himachal Pradesh,HP_Kullu,Kullu,9497,89,9246,157,5,0,0,0,0,,
218,HP,Himachal Pradesh,HP_Lahaul and Spiti,Lahaul and Spiti,2897,36,2843,18,0,0,0,0,0,,
219,HP,Himachal Pradesh,HP_Mandi,Mandi,29867,378,29069,420,0,0,0,0,0,,
220,HP,Himachal Pradesh,HP_Shimla,Shimla,26645,281,25739,621,4,0,0,0,0,,
221,HP,Himachal Pradesh,HP_Sirmaur,Sirmaur,15434,15,15208,211,0,0,0,0,0,,
222,HP,Himachal Pradesh,HP_Solan,Solan,22579,66,22199,314,0,0,0,0,0,,
223,HP,Himachal Pradesh,HP_Una,Una,13563,52,13263,246,2,0,0,0,0,,
0,HR,Haryana,HR_Foreign Evacuees,Foreign Evacuees,0,0,0,0,0,0,0,0,0,,
190,HR,Haryana,HR_Ambala,Ambala,30113,7,29597,509,0,0,0,0,0,,
191,HR,Haryana,HR_Bhiwani,Bhiwani,22404,49,21747,608,0,0,0,0,0,,
192,HR,Haryana,HR_Charkhi Dadri,Charkhi Dadri,5070,4,4933,133,0,0,0,0,0,,
193,HR,Haryana,HR_Faridabad,Faridabad,99827,6,99105,716,0,0,0,0,0,,
194,HR,Haryana,HR_Fatehabad,Fatehabad,17870,5,17400,465,0,0,0,0,0,,
195,HR,Haryana,HR_Gurugram,Gurugram,181081,71,180089,921,0,0,0,0,0,,
196,HR,Haryana,HR_Hisar,Hisar,53980,99,52839,1042,0,0,0,0,0,,
0,HR,Haryana,HR_Italians,Italians,0,0,0,0,0,0,0,0,0,,
197,HR,Haryana,HR_Jhajjar,Jhajjar,18842,26,18509,307,0,0,0,0,0,,
198,HR,Haryana,HR_Jind,Jind,21204,13,20667,524,0,0,0,0,0,,
199,HR,Haryana,HR_Kaithal,Kaithal,11231,21,10871,339,0,0,0,0,0,,
200,HR,Haryana,HR_Karnal,Karnal,40018,34,39436,548,0,0,0,0,0,,
201,HR,Haryana,HR_Kurukshetra,Kurukshetra,22125,1,21768,356,0,0,0,0,0,,
202,HR,Haryana,HR_Mahendragarh,Mahendragarh,21689,3,21533,153,0,0,0,0,0,,
203,HR,Haryana,HR_Nuh,Nuh,5011,0,4889,122,0,0,0,0,0,,
204,HR,Haryana,HR_Palwal,Palwal,11013,4,10856,153,0,0,0,0,0,,
205,HR,Haryana,HR_Panchkula,Panchkula,30687,43,30270,374,0,0,0,0,0,,
206,HR,Haryana,HR_Panipat,Panipat,31139,82,30491,566,0,0,0,0,0,,
207,HR,Haryana,HR_Rewari,Rewari,20309,23,20077,209,0,0,0,0,0,,
208,HR,Haryana,HR_Rohtak,Rohtak,25892,88,25304,500,0,0,0,0,0,,
209,HR,Haryana,HR_Sirsa,Sirsa,29273,47,28758,468,0,0,0,0,0,,
210,HR,Haryana,HR_Sonipat,Sonipat,47130,2,46874,254,0,0,0,0,0,,
211,HR,Haryana,HR_Yamunanagar,Yamunanagar,24598,12,24176,410,0,0,0,0,0,,
246,JH,Jharkhand,JH_Bokaro,Bokaro,19422,6,19130,286,0,0,0,0,0,,
247,JH,Jharkhand,JH_Chatra,Chatra,6030,3,5974,53,0,0,0,0,0,,
248,JH,Jharkhand,JH_Deoghar,Deoghar,10819,3,10703,113,0,0,0,0,0,,
249,JH,Jharkhand,JH_Dhanbad,Dhanbad,16543,8,16155,380,0,0,0,0,0,,
250,JH,Jharkhand,JH_Dumka,Dumka,4634,1,4586,47,0,0,0,0,0,,
264,JH,Jharkhand,JH_East Singhbhum,East Singhbhum,51823,8,50772,1043,0,0,0,0,0,,
251,JH,Jharkhand,JH_Garhwa,Garhwa,6886,0,6792,94,0,0,0,0,0,,
252,JH,Jharkhand,JH_Giridih,Giridih,8963,0,8833,130,0,0,0,0,0,,
253,JH,Jharkhand,JH_Godda,Godda,5839,1,5751,87,0,0,0,0,0,,
254,JH,Jharkhand,JH_Gumla,Gumla,9895,0,9857,38,0,0,0,0,0,,
255,JH,Jharkhand,JH_Hazaribagh,Hazaribagh,19585,0,19399,186,0,0,0,0,0,,
256,JH,Jharkhand,JH_Jamtara,Jamtara,5577,10,5507,60,0,0,0,0,0,,
257,JH,Jharkhand,JH_Khunti,Khunti,7803,2,7705,96,0,0,0,0,0,,
258,JH,Jharkhand,JH_Koderma,Koderma,12872,0,12736,136,0,0,0,0,0,,
259,JH,Jharkhand,JH_Latehar,Latehar,7868,1,7810,57,0,0,0,0,0,,
260,JH,Jharkhand,JH_Lohardaga,Lohardaga,6705,0,6617,88,0,0,0,0,0,,
261,JH,Jharkhand,JH_Pakur,Pakur,2551,0,2539,12,0,0,0,0,0,,
262,JH,Jharkhand,JH_Palamu,Palamu,12294,0,12184,110,0,0,0,0,0,,
265,JH,Jharkhand,JH_Ramgarh,Ramgarh,13909,3,13709,197,0,0,0,0,0,,
266,JH,Jharkhand,JH_Ranchi,Ranchi,85636,82,83969,1585,0,0,0,0,0,,
267,JH,Jharkhand,JH_Sahibganj,Sahibganj,4828,4,4782,42,0,0,0,0,0,,
268,JH,Jharkhand,JH_Saraikela-Kharsawan,Saraikela-Kharsawan,7207,3,7137,67,0,0,0,0,0,,
269,JH,Jharkhand,JH_Simdega,Simdega,7193,1,7100,92,0,0,0,0,0,,
263,JH,Jharkhand,JH_West Singhbhum,West Singhbhum,13012,1,12878,133,0,0,0,0,0,,
224,JK,Jammu and Kashmir,JK_Anantnag,Anantnag,16452,25,16222,205,0,0,0,0,0,,
226,JK,Jammu and Kashmir,JK_Bandipora,Bandipora,9644,42,9501,101,0,0,0,0,0,,
227,JK,Jammu and Kashmir,JK_Baramulla,Baramulla,23945,141,23522,282,0,0,0,0,0,,
225,JK,Jammu and Kashmir,JK_Budgam,Budgam,23211,142,22862,207,0,0,0,0,0,,
228,JK,Jammu and Kashmir,JK_Doda,Doda,7576,90,7356,130,0,0,0,0,0,,
229,JK,Jammu and Kashmir,JK_Ganderbal,Ganderbal,10129,47,10004,78,0,0,0,0,0,,
230,JK,Jammu and Kashmir,JK_Jammu,Jammu,53027,91,51794,1142,0,0,0,0,0,,
231,JK,Jammu and Kashmir,JK_Kathua,Kathua,9286,4,9131,151,0,0,0,0,0,,
232,JK,Jammu and Kashmir,JK_Kishtwar,Kishtwar,4781,49,4688,44,0,0,0,0,0,,
233,JK,Jammu and Kashmir,JK_Kulgam,Kulgam,11420,7,11296,117,0,0,0,0,0,,
234,JK,Jammu and Kashmir,JK_Kupwara,Kupwara,14247,33,14048,166,0,0,0,0,0,,
235,JK,Jammu and Kashmir,JK_Mirpur,Mirpur,0,0,0,0,0,0,0,0,0,,
236,JK,Jammu and Kashmir,JK_Muzaffarabad,Muzaffarabad,0,0,0,0,0,0,0,0,0,,
237,JK,Jammu and Kashmir,JK_Pulwama,Pulwama,15342,47,15101,194,0,0,0,0,0,,
238,JK,Jammu and Kashmir,JK_Punch,Punch,6318,12,6209,97,0,0,0,0,0,,
239,JK,Jammu and Kashmir,JK_Rajouri,Rajouri,11097,27,10835,235,0,0,0,0,0,,
240,JK,Jammu and Kashmir,JK_Ramban,Ramban,5995,11,5917,67,0,0,0,0,0,,
241,JK,Jammu and Kashmir,JK_Reasi,Reasi,6442,10,6389,43,0,0,0,0,0,,
242,JK,Jammu and Kashmir,JK_Samba,Samba,7136,4,7012,120,0,0,0,0,0,,
243,JK,Jammu and Kashmir,JK_Shopiyan,Shopiyan,5599,7,5534,58,0,0,0,0,0,,
244,JK,Jammu and Kashmir,JK_Srinagar,Srinagar,72501,523,71143,835,0,0,0,0,0,,
245,JK,Jammu and Kashmir,JK_Udhampur,Udhampur,11381,7,11237,137,0,0,0,0,0,,
270,KA,Karnataka,KA_Bagalkote,Bagalkote,35158,29,34800,329,0,0,0,0,0,,
271,KA,Karnataka,KA_Ballari,Ballari,97574,149,95736,1689,0,0,0,0,0,,
272,KA,Karnataka,KA_Belagavi,Belagavi,79236,324,78021,891,0,0,0,0,0,,
274,KA,Karnataka,KA_Bengaluru Rural,Bengaluru Rural,61489,133,60483,873,0,0,0,0,0,,
273,KA,Karnataka,KA_Bengaluru Urban,Bengaluru Urban,1238196,7558,1214637,16000,1,0,0,0,0,,
275,KA,Karnataka,KA_Bidar,Bidar,24300,2,23897,397,4,0,0,0,0,,
276,KA,Karnataka,KA_Chamarajanagara,Chamarajanagara,32770,124,32140,495,11,0,0,0,0,,
277,KA,Karnataka,KA_Chikkaballapura,Chikkaballapura,43853,47,43381,424,1,0,0,0,0,,
278,KA,Karnataka,KA_Chikkamagaluru,Chikkamagaluru,49874,567,48922,385,0,0,0,0,0,,
279,KA,Karnataka,KA_Chitradurga,Chitradurga,36383,244,35936,203,0,0,0,0,0,,
280,KA,Karnataka,KA_Dakshina Kannada,Dakshina Kannada,110217,2230,106408,1574,5,0,0,0,0,,
281,KA,Karnataka,KA_Davanagere,Davanagere,50779,227,49953,599,0,0,0,0,0,,
282,KA,Karnataka,KA_Dharwad,Dharwad,60745,72,59373,1298,2,0,0,0,0,,
283,KA,Karnataka,KA_Gadag,Gadag,26038,14,25708,316,0,0,0,0,0,,
284,KA,Karnataka,KA_Hassan,Hassan,109716,1063,107424,1227,2,0,0,0,0,,
285,KA,Karnataka,KA_Haveri,Haveri,21917,22,21258,637,0,0,0,0,0,,
286,KA,Karnataka,KA_Kalaburagi,Kalaburagi,61799,72,60908,819,0,0,0,0,0,,
287,KA,Karnataka,KA_Kodagu,Kodagu,35404,659,34429,316,0,0,0,0,0,,
288,KA,Karnataka,KA_Kolar,Kolar,46371,227,45521,623,0,0,0,0,0,,
289,KA,Karnataka,KA_Koppal,Koppal,35156,48,34590,518,0,0,0,0,0,,
290,KA,Karnataka,KA_Mandya,Mandya,73024,255,72126,643,0,0,0,0,0,,
291,KA,Karnataka,KA_Mysuru,Mysuru,176170,1013,172795,2362,0,0,0,0,0,,
0,KA,Karnataka,KA_Other State,Other State,36,0,33,3,0,0,0,0,0,,
292,KA,Karnataka,KA_Raichur,Raichur,39929,6,39594,329,0,0,0,0,0,,
293,KA,Karnataka,KA_Ramanagara,Ramanagara,24109,74,23721,314,0,0,0,0,0,,
294,KA,Karnataka,KA_Shivamogga,Shivamogga,68354,515,66764,1075,0,0,0,0,0,,
295,KA,Karnataka,KA_Tumakuru,Tumakuru,119284,654,117532,1098,0,0,0,0,0,,
296,KA,Karnataka,KA_Udupi,Udupi,73990,1614,71914,462,0,0,0,0,0,,
297,KA,Karnataka,KA_Uttara Kannada,Uttara Kannada,54991,420,53831,740,0,0,0,0,0,,
298,KA,Karnataka,KA_Vijayapura,Vijayapura,36215,26,35696,493,0,0,0,0,0,,
299,KA,Karnataka,KA_Yadgir,Yadgir,27527,24,27296,207,0,0,0,0,0,,
0,KL,Kerala,KL_Other State,Other State,0,0,0,0,0,0,0,0,0,,
300,KL,Kerala,KL_Alappuzha,Alappuzha,264784,11882,251621,1241,40,0,0,0,0,,
301,KL,Kerala,KL_Ernakulam,Ernakulam,487971,33377,452451,2073,70,0,0,0,0,,
302,KL,Kerala,KL_Idukki,Idukki,110698,10661,99746,283,8,0,0,0,0,,
303,KL,Kerala,KL_Kannur,Kannur,228090,13696,212964,1378,52,0,0,0,0,,
304,KL,Kerala,KL_Kasaragod,Kasaragod,124789,7292,117023,457,17,0,0,0,0,,
305,KL,Kerala,KL_Kollam,Kollam,321123,9073,310374,1619,57,0,0,0,0,,
306,KL,Kerala,KL_Kottayam,Kottayam,259284,13323,245056,889,16,0,0,0,0,,
307,KL,Kerala,KL_Kozhikode,Kozhikode,442808,29477,411091,2196,44,0,0,0,0,,
308,KL,Kerala,KL_Malappuram,Malappuram,499692,29338,468456,1867,31,0,0,0,0,,
309,KL,Kerala,KL_Palakkad,Palakkad,311690,15319,294327,2022,22,0,0,0,0,,
310,KL,Kerala,KL_Pathanamthitta,Pathanamthitta,154563,13959,139945,648,11,0,0,0,0,,
311,KL,Kerala,KL_Thiruvananthapuram,Thiruvananthapuram,371969,14583,353705,3569,112,0,0,0,0,,
312,KL,Kerala,KL_Thrissur,Thrissur,413808,17250,394174,2358,26,0,0,0,0,,
313,KL,Kerala,KL_Wayanad,Wayanad,98767,10711,87681,361,14,0,0,0,0,,
314,LA,Ladakh,LA_Kargil,Kargil,3602,21,3523,58,0,0,0,0,0,,
315,LA,Ladakh,LA_Leh,Leh,16965,50,16766,149,0,0,0,0,0,,
316,LD,Lakshadweep,LD_Lakshadweep,Lakshadweep,10347,27,10228,50,42,0,0,0,0,,
369,MH,Maharashtra,MH_Ahmednagar,Ahmednagar,309868,5655,297668,6544,1,0,0,0,0,,
370,MH,Maharashtra,MH_Akola,Akola,58676,22,57228,1422,4,0,0,0,0,,
371,MH,Maharashtra,MH_Amravati,Amravati,96119,97,94426,1594,2,0,0,0,0,,
372,MH,Maharashtra,MH_Aurangabad,Aurangabad,155020,550,150175,4281,14,0,0,0,0,,
374,MH,Maharashtra,MH_Beed,Beed,101633,778,98141,2707,7,0,0,0,0,,
373,MH,Maharashtra,MH_Bhandara,Bhandara,60058,6,58919,1123,10,0,0,0,0,,
375,MH,Maharashtra,MH_Buldhana,Buldhana,85079,48,84245,780,6,0,0,0,0,,
376,MH,Maharashtra,MH_Chandrapur,Chandrapur,88788,186,87039,1559,4,0,0,0,0,,
377,MH,Maharashtra,MH_Dhule,Dhule,46288,23,45600,654,11,0,0,0,0,,
378,MH,Maharashtra,MH_Gadchiroli,Gadchiroli,30355,31,29623,669,32,0,0,0,0,,
379,MH,Maharashtra,MH_Gondia,Gondia,40542,2,39963,570,7,0,0,0,0,,
380,MH,Maharashtra,MH_Hingoli,Hingoli,18447,59,17883,504,1,0,0,0,0,,
381,MH,Maharashtra,MH_Jalgaon,Jalgaon,139884,51,137093,2708,32,0,0,0,0,,
382,MH,Maharashtra,MH_Jalna,Jalna,60406,17,59186,1202,1,0,0,0,0,,
383,MH,Maharashtra,MH_Kolhapur,Kolhapur,204102,1301,196994,5802,5,0,0,0,0,,
384,MH,Maharashtra,MH_Latur,Latur,91516,422,88669,2419,6,0,0,0,0,,
385,MH,Maharashtra,MH_Mumbai,Mumbai,744570,3602,722554,15981,2433,0,0,0,0,"[Sep 9]After reconciling COVID-19 cases in Mumbai, owing to the removal of duplicates and change of addresses as per the original residence, 239 cases have been removed from the progressive figures.",
386,MH,Maharashtra,MH_Mumbai Suburban,Mumbai Suburban,0,0,0,0,0,0,0,0,0,,
387,MH,Maharashtra,MH_Nagpur,Nagpur,493156,76,483878,9131,71,0,0,0,0,District administration provides number of persons tested instead of the number of samples tested.,
388,MH,Maharashtra,MH_Nanded,Nanded,90747,26,88060,2655,6,0,0,0,0,Number of active cases differs in the state bulletin and district bulletin. We follow the state bulletin.,
389,MH,Maharashtra,MH_Nandurbar,Nandurbar,39980,2,39028,947,3,0,0,0,0,,
390,MH,Maharashtra,MH_Nashik,Nashik,405440,639,396217,8583,1,0,0,0,0,Number of active cases differs in the state bulletin and district bulletin. We follow the state bulletin.,
391,MH,Maharashtra,MH_Osmanabad,Osmanabad,66305,535,63762,1896,112,0,0,0,0,,
0,MH,Maharashtra,MH_Other State,Other State,146,33,0,111,2,0,0,0,0,,
392,MH,Maharashtra,MH_Palghar,Palghar,134588,330,130951,3293,14,0,0,0,0,,
393,MH,Maharashtra,MH_Parbhani,Parbhani,52321,44,51031,1227,19,0,0,0,0,,
394,MH,Maharashtra,MH_Pune,Pune,1120093,14091,1086386,19267,349,0,0,0,0,Number of active cases differs in the state bulletin and district bulletin. We follow the state bulletin.,
395,MH,Maharashtra,MH_Raigad,Raigad,188763,749,183577,4430,7,0,0,0,0,Number of active cases differs in the state bulletin and district bulletin. We follow the state bulletin.,
396,MH,Maharashtra,MH_Ratnagiri,Ratnagiri,75861,1087,72433,2336,5,0,0,0,0,,
397,MH,Maharashtra,MH_Sangli,Sangli,202176,3562,193115,5490,9,0,0,0,0,,
398,MH,Maharashtra,MH_Satara,Satara,239214,5979,227180,6023,32,0,0,0,0,,
399,MH,Maharashtra,MH_Sindhudurg,Sindhudurg,50705,991,48353,1346,15,0,0,0,0,,
400,MH,Maharashtra,MH_Solapur,Solapur,205506,3152,196985,5269,100,0,0,0,0,,
401,MH,Maharashtra,MH_Thane,Thane,596704,6911,578444,11314,35,0,0,0,0,,
402,MH,Maharashtra,MH_Wardha,Wardha,58354,6,56967,1216,165,0,0,0,0,,
403,MH,Maharashtra,MH_Washim,Washim,41660,3,41019,635,3,0,0,0,0,,
404,MH,Maharashtra,MH_Yavatmal,Yavatmal,76262,12,74438,1808,4,0,0,0,0,,
421,ML,Meghalaya,ML_East Garo Hills,East Garo Hills,1816,22,1785,9,0,0,0,0,0,,
422,ML,Meghalaya,ML_East Jaintia Hills,East Jaintia Hills,2326,43,2253,30,0,0,0,0,0,,
423,ML,Meghalaya,ML_East Khasi Hills,East Khasi Hills,37183,1230,35042,911,0,0,0,0,0,,
424,ML,Meghalaya,ML_North Garo Hills,North Garo Hills,1657,9,1640,8,0,0,0,0,0,,
425,ML,Meghalaya,ML_Ribhoi,Ribhoi,9087,252,8760,75,0,0,0,0,0,,
426,ML,Meghalaya,ML_South Garo Hills,South Garo Hills,1205,10,1183,12,0,0,0,0,0,,
427,ML,Meghalaya,ML_South West Garo Hills,South West Garo Hills,1840,19,1805,16,0,0,0,0,0,,
428,ML,Meghalaya,ML_South West Khasi Hills,South West Khasi Hills,2272,103,2155,14,0,0,0,0,0,,
429,ML,Meghalaya,ML_West Garo Hills,West Garo Hills,8838,85,8682,71,0,0,0,0,0,,
430,ML,Meghalaya,ML_West Jaintia Hills,West Jaintia Hills,6101,183,5804,114,0,0,0,0,0,,
431,ML,Meghalaya,ML_West Khasi Hills,West Khasi Hills,3775,307,3413,55,0,0,0,0,0,,
0,MN,Manipur,MN_CAPF Personnel,CAPF Personnel,3311,1628,1681,2,0,0,0,0,0,,
405,MN,Manipur,MN_Bishnupur,Bishnupur,8618,8386,58,174,0,0,0,0,0,,
406,MN,Manipur,MN_Chandel,Chandel,1816,1780,4,32,0,0,0,0,0,,
407,MN,Manipur,MN_Churachandpur,Churachandpur,9104,8899,58,147,0,0,0,0,0,,
408,MN,Manipur,MN_Imphal East,Imphal East,24539,23987,150,402,0,0,0,0,0,,
409,MN,Manipur,MN_Imphal West,Imphal West,37537,36933,52,552,0,0,0,0,0,,
410,MN,Manipur,MN_Jiribam,Jiribam,900,892,2,6,0,0,0,0,0,,
411,MN,Manipur,MN_Kakching,Kakching,6101,5966,27,108,0,0,0,0,0,,
412,MN,Manipur,MN_Kamjong,Kamjong,635,615,17,3,0,0,0,0,0,,
413,MN,Manipur,MN_Kangpokpi,Kangpokpi,2054,1983,19,52,0,0,0,0,0,,
414,MN,Manipur,MN_Noney,Noney,900,878,18,4,0,0,0,0,0,,
415,MN,Manipur,MN_Pherzawl,Pherzawl,414,399,15,0,0,0,0,0,0,,
416,MN,Manipur,MN_Senapati,Senapati,1800,1772,21,7,0,0,0,0,0,,
417,MN,Manipur,MN_Tamenglong,Tamenglong,3027,2983,32,12,0,0,0,0,0,,
418,MN,Manipur,MN_Tengnoupal,Tengnoupal,859,835,13,11,0,0,0,0,0,,
419,MN,Manipur,MN_Thoubal,Thoubal,8943,8768,23,152,0,0,0,0,0,,
420,MN,Manipur,MN_Ukhrul,Ukhrul,1948,1903,18,27,0,0,0,0,0,,
317,MP,Madhya Pradesh,MP_Agar Malwa,Agar Malwa,3303,0,3235,68,0,0,0,0,0,,
318,MP,Madhya Pradesh,MP_Alirajpur,Alirajpur,3504,3,3453,48,0,0,0,0,0,,
319,MP,Madhya Pradesh,MP_Anuppur,Anuppur,9229,0,9140,89,0,0,0,0,0,,
320,MP,Madhya Pradesh,MP_Ashoknagar,Ashoknagar,3670,0,3613,57,0,0,0,0,0,,
321,MP,Madhya Pradesh,MP_Balaghat,Balaghat,9093,12,9017,64,0,0,0,0,0,,
322,MP,Madhya Pradesh,MP_Barwani,Barwani,8363,6,8267,90,0,0,0,0,0,,
323,MP,Madhya Pradesh,MP_Betul,Betul,12901,34,12590,277,0,0,0,0,0,,
324,MP,Madhya Pradesh,MP_Bhind,Bhind,2994,2,2960,32,0,0,0,0,0,,
325,MP,Madhya Pradesh,MP_Bhopal,Bhopal,123373,280,122121,972,0,0,0,0,0,,
326,MP,Madhya Pradesh,MP_Burhanpur,Burhanpur,2568,0,2529,39,0,0,0,0,0,,
327,MP,Madhya Pradesh,MP_Chhatarpur,Chhatarpur,7607,10,7506,91,0,0,0,0,0,,
328,MP,Madhya Pradesh,MP_Chhindwara,Chhindwara,6732,0,6612,120,0,0,0,0,0,,
329,MP,Madhya Pradesh,MP_Damoh,Damoh,8120,93,7841,186,0,0,0,0,0,,
330,MP,Madhya Pradesh,MP_Datia,Datia,6958,6,6874,78,0,0,0,0,0,,
331,MP,Madhya Pradesh,MP_Dewas,Dewas,7723,0,7672,51,0,0,0,0,0,,
332,MP,Madhya Pradesh,MP_Dhar,Dhar,12541,23,12388,130,0,0,0,0,0,,
333,MP,Madhya Pradesh,MP_Dindori,Dindori,4623,6,4588,29,0,0,0,0,0,,
335,MP,Madhya Pradesh,MP_Guna,Guna,5132,3,5085,44,0,0,0,0,0,,
336,MP,Madhya Pradesh,MP_Gwalior,Gwalior,53099,39,52427,633,0,0,0,0,0,,
337,MP,Madhya Pradesh,MP_Harda,Harda,5055,5,4954,96,0,0,0,0,0,,
338,MP,Madhya Pradesh,MP_Hoshangabad,Hoshangabad,10682,13,10570,99,0,0,0,0,0,,
339,MP,Madhya Pradesh,MP_Indore,Indore,153052,251,151410,1391,0,0,0,0,0,,
340,MP,Madhya Pradesh,MP_Jabalpur,Jabalpur,50686,120,49896,670,0,0,0,0,0,,
341,MP,Madhya Pradesh,MP_Jhabua,Jhabua,7688,5,7619,64,0,0,0,0,0,,
342,MP,Madhya Pradesh,MP_Katni,Katni,9365,3,9242,120,0,0,0,0,0,,
334,MP,Madhya Pradesh,MP_Khandwa,Khandwa,4040,0,3946,94,0,0,0,0,0,,
368,MP,Madhya Pradesh,MP_Khargone,Khargone,13966,11,13716,239,0,0,0,0,0,,
343,MP,Madhya Pradesh,MP_Mandla,Mandla,5188,4,5159,25,0,0,0,0,0,,
344,MP,Madhya Pradesh,MP_Mandsaur,Mandsaur,8637,1,8552,84,0,0,0,0,0,,
345,MP,Madhya Pradesh,MP_Morena,Morena,8236,6,8135,95,0,0,0,0,0,,
346,MP,Madhya Pradesh,MP_Narsinghpur,Narsinghpur,11200,4,11115,81,0,0,0,0,0,,
347,MP,Madhya Pradesh,MP_Neemuch,Neemuch,7925,13,7828,84,0,0,0,0,0,,
348,MP,Madhya Pradesh,MP_Niwari,Niwari,3711,9,3654,48,0,0,0,0,0,,
0,MP,Madhya Pradesh,MP_Other Region,Other Region,0,0,0,0,0,0,0,0,0,,
349,MP,Madhya Pradesh,MP_Panna,Panna,7324,11,7250,63,0,0,0,0,0,,
350,MP,Madhya Pradesh,MP_Raisen,Raisen,9237,13,9030,194,0,0,0,0,0,,
351,MP,Madhya Pradesh,MP_Rajgarh,Rajgarh,8708,46,8490,172,0,0,0,0,0,,
352,MP,Madhya Pradesh,MP_Ratlam,Ratlam,17857,34,17438,385,0,0,0,0,0,,
353,MP,Madhya Pradesh,MP_Rewa,Rewa,16433,8,16270,155,0,0,0,0,0,,
354,MP,Madhya Pradesh,MP_Sagar,Sagar,16597,53,16154,390,0,0,0,0,0,,
355,MP,Madhya Pradesh,MP_Satna,Satna,11965,3,11829,133,0,0,0,0,0,,
356,MP,Madhya Pradesh,MP_Sehore,Sehore,10136,6,10057,73,0,0,0,0,0,,
357,MP,Madhya Pradesh,MP_Seoni,Seoni,6774,7,6739,28,0,0,0,0,0,,
358,MP,Madhya Pradesh,MP_Shahdol,Shahdol,10080,4,9958,118,0,0,0,0,0,,
359,MP,Madhya Pradesh,MP_Shajapur,Shajapur,6349,2,6273,74,0,0,0,0,0,,
360,MP,Madhya Pradesh,MP_Sheopur,Sheopur,4000,3,3919,78,0,0,0,0,0,,
361,MP,Madhya Pradesh,MP_Shivpuri,Shivpuri,12393,7,12261,125,0,0,0,0,0,,
362,MP,Madhya Pradesh,MP_Sidhi,Sidhi,9219,0,9132,87,0,0,0,0,0,,
363,MP,Madhya Pradesh,MP_Singrauli,Singrauli,8794,6,8706,82,0,0,0,0,0,,
364,MP,Madhya Pradesh,MP_Tikamgarh,Tikamgarh,6863,7,6742,114,0,0,0,0,0,,
365,MP,Madhya Pradesh,MP_Ujjain,Ujjain,18897,5,18720,172,0,0,0,0,0,,
366,MP,Madhya Pradesh,MP_Umaria,Umaria,6293,6,6224,63,0,0,0,0,0,,
367,MP,Madhya Pradesh,MP_Vidisha,Vidisha,11919,5,11677,237,0,0,0,0,0,,
432,MZ,Mizoram,MZ_Aizawl,Aizawl,39275,5150,33956,169,0,0,0,0,0,,
433,MZ,Mizoram,MZ_Champhai,Champhai,1326,460,865,1,0,0,0,0,0,,
729,MZ,Mizoram,MZ_Hnahthial,Hnahthial,250,48,202,0,0,0,0,0,0,,
730,MZ,Mizoram,MZ_Khawzawl,Khawzawl,177,60,117,0,0,0,0,0,0,,
434,MZ,Mizoram,MZ_Kolasib,Kolasib,5374,801,4553,20,0,0,0,0,0,,
435,MZ,Mizoram,MZ_Lawngtlai,Lawngtlai,3836,600,3221,15,0,0,0,0,0,,
436,MZ,Mizoram,MZ_Lunglei,Lunglei,4568,663,3901,4,0,0,0,0,0,,
437,MZ,Mizoram,MZ_Mamit,Mamit,2384,591,1790,3,0,0,0,0,0,,
438,MZ,Mizoram,MZ_Saiha,Saiha,1515,281,1233,1,0,0,0,0,0,,
728,MZ,Mizoram,MZ_Saitual,Saitual,261,19,240,2,0,0,0,0,0,,
439,MZ,Mizoram,MZ_Serchhip,Serchhip,1033,80,950,3,0,0,0,0,0,,
0,NL,Nagaland,NL_Others,Others,0,0,0,0,0,0,0,0,0,,
440,NL,Nagaland,NL_Dimapur,Dimapur,13857,344,12520,378,615,0,0,0,0,,
441,NL,Nagaland,NL_Kiphire,Kiphire,240,9,222,8,1,0,0,0,0,,
442,NL,Nagaland,NL_Kohima,Kohima,9092,158,8665,113,156,0,0,0,0,,
443,NL,Nagaland,NL_Longleng,Longleng,286,11,258,2,15,0,0,0,0,,
444,NL,Nagaland,NL_Mokokchung,Mokokchung,2175,163,1910,49,53,0,0,0,0,,
445,NL,Nagaland,NL_Mon,Mon,1129,31,1068,13,17,0,0,0,0,,
446,NL,Nagaland,NL_Peren,Peren,894,4,879,4,7,0,0,0,0,,
447,NL,Nagaland,NL_Phek,Phek,516,30,466,17,3,0,0,0,0,,
448,NL,Nagaland,NL_Tuensang,Tuensang,1004,5,985,11,3,0,0,0,0,,
449,NL,Nagaland,NL_Wokha,Wokha,351,20,307,11,13,0,0,0,0,,
450,NL,Nagaland,NL_Zunheboto,Zunheboto,613,30,558,14,11,0,0,0,0,,
0,OR,Odisha,OR_State Pool,State Pool,28657,574,28083,0,0,0,0,0,0,,
0,OR,Odisha,OR_Others,Others,0,0,0,0,0,0,0,0,0,,
451,OR,Odisha,OR_Angul,Angul,43537,88,43074,375,0,0,0,0,0,,
452,OR,Odisha,OR_Balangir,Balangir,23302,16,23161,125,0,0,0,0,0,,
453,OR,Odisha,OR_Balasore,Balasore,39501,426,38789,286,0,0,0,0,0,,
454,OR,Odisha,OR_Bargarh,Bargarh,30943,67,30542,334,0,0,0,0,0,,
456,OR,Odisha,OR_Bhadrak,Bhadrak,26036,107,25787,142,0,0,0,0,0,,
455,OR,Odisha,OR_Boudh,Boudh,12579,37,12431,111,0,0,0,0,0,,
457,OR,Odisha,OR_Cuttack,Cuttack,90704,781,89112,811,0,0,0,0,0,,
458,OR,Odisha,OR_Deogarh,Deogarh,6386,78,6258,50,0,0,0,0,0,,
459,OR,Odisha,OR_Dhenkanal,Dhenkanal,19565,133,19194,238,0,0,0,0,0,,
460,OR,Odisha,OR_Gajapati,Gajapati,9562,9,9469,84,0,0,0,0,0,,
461,OR,Odisha,OR_Ganjam,Ganjam,33620,38,33105,477,0,0,0,0,0,,
462,OR,Odisha,OR_Jagatsinghpur,Jagatsinghpur,26806,192,26322,292,0,0,0,0,0,,
463,OR,Odisha,OR_Jajpur,Jajpur,42600,313,42130,157,0,0,0,0,0,,
464,OR,Odisha,OR_Jharsuguda,Jharsuguda,23693,21,23497,175,0,0,0,0,0,,
465,OR,Odisha,OR_Kalahandi,Kalahandi,24241,20,24012,209,0,0,0,0,0,,
466,OR,Odisha,OR_Kandhamal,Kandhamal,11492,27,11383,82,0,0,0,0,0,,
467,OR,Odisha,OR_Kendrapara,Kendrapara,24239,171,23827,241,0,0,0,0,0,,
468,OR,Odisha,OR_Kendujhar,Kendujhar,20790,74,20547,169,0,0,0,0,0,,
469,OR,Odisha,OR_Khordha,Khordha,160721,2461,156791,1469,0,0,0,0,0,,
470,OR,Odisha,OR_Koraput,Koraput,18951,34,18842,75,0,0,0,0,0,,
471,OR,Odisha,OR_Malkangiri,Malkangiri,11597,25,11524,48,0,0,0,0,0,,
472,OR,Odisha,OR_Mayurbhanj,Mayurbhanj,39611,208,39128,275,0,0,0,0,0,,
473,OR,Odisha,OR_Nabarangapur,Nabarangapur,23492,2,23415,75,0,0,0,0,0,,
474,OR,Odisha,OR_Nayagarh,Nayagarh,23199,103,22890,206,0,0,0,0,0,,
475,OR,Odisha,OR_Nuapada,Nuapada,22842,9,22749,84,0,0,0,0,0,,
476,OR,Odisha,OR_Puri,Puri,44561,195,43923,443,0,0,0,0,0,,
477,OR,Odisha,OR_Rayagada,Rayagada,19987,45,19775,167,0,0,0,0,0,,
478,OR,Odisha,OR_Sambalpur,Sambalpur,30945,107,30598,240,0,0,0,0,0,,
479,OR,Odisha,OR_Subarnapur,Subarnapur,13128,14,13055,59,0,0,0,0,0,,
480,OR,Odisha,OR_Sundargarh,Sundargarh,61182,118,60488,576,0,0,0,0,0,,
485,PB,Punjab,PB_Amritsar,Amritsar,47235,18,45628,1589,0,0,0,0,0,,
486,PB,Punjab,PB_Barnala,Barnala,5927,15,5669,243,0,0,0,0,0,,
487,PB,Punjab,PB_Bathinda,Bathinda,41632,29,40563,1040,0,0,0,0,0,,
488,PB,Punjab,PB_Faridkot,Faridkot,13877,19,13545,313,0,0,0,0,0,,
489,PB,Punjab,PB_Fatehgarh Sahib,Fatehgarh Sahib,8821,4,8515,302,0,0,0,0,0,,
490,PB,Punjab,PB_Fazilka,Fazilka,20207,10,19670,527,0,0,0,0,0,,
491,PB,Punjab,PB_Ferozepur,Ferozepur,14297,14,13781,502,0,0,0,0,0,,
492,PB,Punjab,PB_Gurdaspur,Gurdaspur,22289,12,21478,799,0,0,0,0,0,,
493,PB,Punjab,PB_Hoshiarpur,Hoshiarpur,30729,25,29723,981,0,0,0,0,0,,
494,PB,Punjab,PB_Jalandhar,Jalandhar,63227,23,61711,1493,0,0,0,0,0,,
495,PB,Punjab,PB_Kapurthala,Kapurthala,17804,10,17240,554,0,0,0,0,0,,
496,PB,Punjab,PB_Ludhiana,Ludhiana,87470,14,85359,2097,0,0,0,0,0,,
497,PB,Punjab,PB_Mansa,Mansa,15598,3,15228,367,0,0,0,0,0,,
498,PB,Punjab,PB_Moga,Moga,8641,7,8401,233,0,0,0,0,0,,
499,PB,Punjab,PB_Pathankot,Pathankot,18658,18,18223,417,0,0,0,0,0,,
500,PB,Punjab,PB_Patiala,Patiala,48811,20,47445,1346,0,0,0,0,0,,
501,PB,Punjab,PB_Rupnagar,Rupnagar,12890,8,12464,418,0,0,0,0,0,,
502,PB,Punjab,PB_S.A.S. Nagar,S.A.S. Nagar,68616,48,67508,1060,0,0,0,0,0,,
503,PB,Punjab,PB_Sangrur,Sangrur,15717,5,14840,872,0,0,0,0,0,,
504,PB,Punjab,PB_Shahid Bhagat Singh Nagar,Shahid Bhagat Singh Nagar,11446,6,11059,381,0,0,0,0,0,,
505,PB,Punjab,PB_Sri Muktsar Sahib,Sri Muktsar Sahib,18753,14,18216,523,0,0,0,0,0,,
506,PB,Punjab,PB_Tarn Taran,Tarn Taran,8006,8,7621,377,0,0,0,0,0,,
481,PY,Puducherry,PY_Karaikal,Karaikal,15475,171,15068,236,0,0,0,0,0,"2 case of TN has been transferred,so has been reduced from the total count.",
482,PY,Puducherry,PY_Mahe,Mahe,5332,109,5183,40,0,0,0,0,0,"1 case of KL have been transferred,so have been reduced from the total count",
483,PY,Puducherry,PY_Puducherry,Puducherry,96233,481,94320,1432,0,0,0,0,0,"209 cases(204 of TN, 1 of AP and 4 other) have been transferred,so have been reduced from the total count.[July 18]4 cases have transferred to TN and have been reduced from recovered cases.",
484,PY,Puducherry,PY_Yanam,Yanam,6670,24,6541,105,0,0,0,0,0,"2 cases of AP have been transferred,so have been reduced from the total count",
507,RJ,Rajasthan,RJ_Ajmer,Ajmer,37726,5,37311,410,0,0,0,0,0,,
508,RJ,Rajasthan,RJ_Alwar,Alwar,59684,6,59371,307,0,0,0,0,0,,
509,RJ,Rajasthan,RJ_Banswara,Banswara,10005,0,9901,104,0,0,0,0,0,,
510,RJ,Rajasthan,RJ_Baran,Baran,11995,1,11933,61,0,0,0,0,0,,
511,RJ,Rajasthan,RJ_Barmer,Barmer,15551,0,15366,185,0,0,0,0,0,,
512,RJ,Rajasthan,RJ_Bharatpur,Bharatpur,19595,2,19333,260,0,0,0,0,0,,
513,RJ,Rajasthan,RJ_Bhilwara,Bhilwara,29777,1,29620,156,0,0,0,0,0,,
514,RJ,Rajasthan,RJ_Bikaner,Bikaner,40318,3,39770,545,0,0,0,0,0,,
0,RJ,Rajasthan,RJ_BSF Camp,BSF Camp,85,0,85,0,0,0,0,0,0,,
515,RJ,Rajasthan,RJ_Bundi,Bundi,7967,0,7919,48,0,0,0,0,0,,
516,RJ,Rajasthan,RJ_Chittorgarh,Chittorgarh,19809,0,19670,139,0,0,0,0,0,,
517,RJ,Rajasthan,RJ_Churu,Churu,16720,1,16612,107,0,0,0,0,0,,
518,RJ,Rajasthan,RJ_Dausa,Dausa,13351,0,13289,62,0,0,0,0,0,,
519,RJ,Rajasthan,RJ_Dholpur,Dholpur,11007,0,10959,48,0,0,0,0,0,,
520,RJ,Rajasthan,RJ_Dungarpur,Dungarpur,18407,0,18276,131,0,0,0,0,0,,
0,RJ,Rajasthan,RJ_Evacuees,Evacuees,61,0,61,0,0,0,0,0,0,,
521,RJ,Rajasthan,RJ_Ganganagar,Ganganagar,19341,1,19190,150,0,0,0,0,0,,
522,RJ,Rajasthan,RJ_Hanumangarh,Hanumangarh,16052,1,15940,111,0,0,0,0,0,,
0,RJ,Rajasthan,RJ_Italians,Italians,2,0,2,0,0,0,0,0,0,,
523,RJ,Rajasthan,RJ_Jaipur,Jaipur,187683,42,185671,1970,0,0,0,0,0,,
524,RJ,Rajasthan,RJ_Jaisalmer,Jaisalmer,13639,0,13573,66,0,0,0,0,0,,
525,RJ,Rajasthan,RJ_Jalore,Jalore,10065,0,9993,72,0,0,0,0,0,,
526,RJ,Rajasthan,RJ_Jhalawar,Jhalawar,13607,1,13419,187,0,0,0,0,0,,
527,RJ,Rajasthan,RJ_Jhunjhunu,Jhunjhunu,14803,1,14644,158,0,0,0,0,0,,
528,RJ,Rajasthan,RJ_Jodhpur,Jodhpur,112383,6,111274,1103,0,0,0,0,0,,
529,RJ,Rajasthan,RJ_Karauli,Karauli,7156,0,7086,70,0,0,0,0,0,,
530,RJ,Rajasthan,RJ_Kota,Kota,57051,0,56602,449,0,0,0,0,0,,
531,RJ,Rajasthan,RJ_Nagaur,Nagaur,17732,0,17555,177,0,0,0,0,0,,
0,RJ,Rajasthan,RJ_Other State,Other State,189,0,150,39,0,0,0,0,0,,
532,RJ,Rajasthan,RJ_Pali,Pali,27316,0,27029,287,0,0,0,0,0,,
533,RJ,Rajasthan,RJ_Pratapgarh,Pratapgarh,7143,0,7080,63,0,0,0,0,0,,
534,RJ,Rajasthan,RJ_Rajsamand,Rajsamand,17043,2,16872,169,0,0,0,0,0,,
535,RJ,Rajasthan,RJ_Sawai Madhopur,Sawai Madhopur,10613,0,10552,61,0,0,0,0,0,,
536,RJ,Rajasthan,RJ_Sikar,Sikar,30610,1,30274,335,0,0,0,0,0,,
537,RJ,Rajasthan,RJ_Sirohi,Sirohi,13729,0,13650,79,0,0,0,0,0,,
538,RJ,Rajasthan,RJ_Tonk,Tonk,9496,0,9404,92,0,0,0,0,0,,
539,RJ,Rajasthan,RJ_Udaipur,Udaipur,56389,7,55629,753,0,0,0,0,0,,
540,SK,Sikkim,SK_East Sikkim,East Sikkim,16639,11496,4917,148,78,0,0,0,0,,
541,SK,Sikkim,SK_North Sikkim,North Sikkim,818,736,72,1,9,0,0,0,0,,
542,SK,Sikkim,SK_South Sikkim,South Sikkim,6544,6089,438,2,15,0,0,0,0,,
543,SK,Sikkim,SK_West Sikkim,West Sikkim,5534,5353,137,19,25,0,0,0,0,,
0,TG,Telangana,TG_Foreign Evacuees,Foreign Evacuees,33,33,0,0,0,0,0,0,0,District-wise numbers are out-dated as cumulative counts for each district are not reported in Telangana bulletin,
0,TG,Telangana,TG_Other State,Other State,250,250,0,0,0,0,0,0,0,District-wise numbers are out-dated as cumulative counts for each district are not reported in Telangana bulletin,
576,TG,Telangana,TG_Adilabad,Adilabad,7165,7150,15,0,0,0,0,0,0,District-wise numbers are out-dated as cumulative counts for each district are not reported in Telangana bulletin,
577,TG,Telangana,TG_Bhadradri Kothagudem,Bhadradri Kothagudem,18489,18485,4,0,0,0,0,0,0,District-wise numbers are out-dated as cumulative counts for each district are not reported in Telangana bulletin,
578,TG,Telangana,TG_Hyderabad,Hyderabad,138477,138149,305,23,0,0,0,0,0,District-wise numbers are out-dated as cumulative counts for each district are not reported in Telangana bulletin,
579,TG,Telangana,TG_Jagtial,Jagtial,17245,17243,2,0,0,0,0,0,0,District-wise numbers are out-dated as cumulative counts for each district are not reported in Telangana bulletin,
580,TG,Telangana,TG_Jangaon,Jangaon,7626,7625,1,0,0,0,0,0,0,District-wise numbers are out-dated as cumulative counts for each district are not reported in Telangana bulletin,
581,TG,Telangana,TG_Jayashankar Bhupalapally,Jayashankar Bhupalapally,6821,6821,0,0,0,0,0,0,0,District-wise numbers are out-dated as cumulative counts for each district are not reported in Telangana bulletin,
582,TG,Telangana,TG_Jogulamba Gadwal,Jogulamba Gadwal,7217,7191,25,1,0,0,0,0,0,District-wise numbers are out-dated as cumulative counts for each district are not reported in Telangana bulletin,
583,TG,Telangana,TG_Kamareddy,Kamareddy,11553,11545,8,0,0,0,0,0,0,District-wise numbers are out-dated as cumulative counts for each district are not reported in Telangana bulletin,
584,TG,Telangana,TG_Karimnagar,Karimnagar,30057,30041,16,0,0,0,0,0,0,District-wise numbers are out-dated as cumulative counts for each district are not reported in Telangana bulletin,
585,TG,Telangana,TG_Khammam,Khammam,27336,27333,3,0,0,0,0,0,0,District-wise numbers are out-dated as cumulative counts for each district are not reported in Telangana bulletin,
586,TG,Telangana,TG_Komaram Bheem,Komaram Bheem,4497,4495,2,0,0,0,0,0,0,District-wise numbers are out-dated as cumulative counts for each district are not reported in Telangana bulletin,
587,TG,Telangana,TG_Mahabubabad,Mahabubabad,12991,12990,1,0,0,0,0,0,0,District-wise numbers are out-dated as cumulative counts for each district are not reported in Telangana bulletin,
588,TG,Telangana,TG_Mahabubnagar,Mahabubnagar,16320,16312,8,0,0,0,0,0,0,District-wise numbers are out-dated as cumulative counts for each district are not reported in Telangana bulletin,
589,TG,Telangana,TG_Mancherial,Mancherial,16094,16093,0,1,0,0,0,0,0,District-wise numbers are out-dated as cumulative counts for each district are not reported in Telangana bulletin,
590,TG,Telangana,TG_Medak,Medak,8436,8432,4,0,0,0,0,0,0,District-wise numbers are out-dated as cumulative counts for each district are not reported in Telangana bulletin,
591,TG,Telangana,TG_Medchal Malkajgiri,Medchal Malkajgiri,45387,45377,9,1,0,0,0,0,0,District-wise numbers are out-dated as cumulative counts for each district are not reported in Telangana bulletin,
592,TG,Telangana,TG_Mulugu,Mulugu,6657,6655,2,0,0,0,0,0,0,District-wise numbers are out-dated as cumulative counts for each district are not reported in Telangana bulletin,
593,TG,Telangana,TG_Nagarkurnool,Nagarkurnool,12280,12278,2,0,0,0,0,0,0,District-wise numbers are out-dated as cumulative counts for each district are not reported in Telangana bulletin,
594,TG,Telangana,TG_Nalgonda,Nalgonda,29105,29093,12,0,0,0,0,0,0,District-wise numbers are out-dated as cumulative counts for each district are not reported in Telangana bulletin,
595,TG,Telangana,TG_Narayanpet,Narayanpet,3285,3284,0,1,0,0,0,0,0,District-wise numbers are out-dated as cumulative counts for each district are not reported in Telangana bulletin,
596,TG,Telangana,TG_Nirmal,Nirmal,7252,7239,13,0,0,0,0,0,0,District-wise numbers are out-dated as cumulative counts for each district are not reported in Telangana bulletin,
597,TG,Telangana,TG_Nizamabad,Nizamabad,20872,20842,30,0,0,0,0,0,0,District-wise numbers are out-dated as cumulative counts for each district are not reported in Telangana bulletin,
598,TG,Telangana,TG_Peddapalli,Peddapalli,15748,15747,1,0,0,0,0,0,0,District-wise numbers are out-dated as cumulative counts for each district are not reported in Telangana bulletin,
599,TG,Telangana,TG_Rajanna Sircilla,Rajanna Sircilla,12114,12112,2,0,0,0,0,0,0,District-wise numbers are out-dated as cumulative counts for each district are not reported in Telangana bulletin,
600,TG,Telangana,TG_Ranga Reddy,Ranga Reddy,48752,48733,17,2,0,0,0,0,0,District-wise numbers are out-dated as cumulative counts for each district are not reported in Telangana bulletin,
601,TG,Telangana,TG_Sangareddy,Sangareddy,19118,19112,6,0,0,0,0,0,0,District-wise numbers are out-dated as cumulative counts for each district are not reported in Telangana bulletin,
602,TG,Telangana,TG_Siddipet,Siddipet,19356,19355,1,0,0,0,0,0,0,District-wise numbers are out-dated as cumulative counts for each district are not reported in Telangana bulletin,
603,TG,Telangana,TG_Suryapet,Suryapet,17540,17516,24,0,0,0,0,0,0,District-wise numbers are out-dated as cumulative counts for each district are not reported in Telangana bulletin,
604,TG,Telangana,TG_Vikarabad,Vikarabad,10972,10956,15,1,0,0,0,0,0,District-wise numbers are out-dated as cumulative counts for each district are not reported in Telangana bulletin,
605,TG,Telangana,TG_Wanaparthy,Wanaparthy,9733,9733,0,0,0,0,0,0,0,District-wise numbers are out-dated as cumulative counts for each district are not reported in Telangana bulletin,
606,TG,Telangana,TG_Warangal Rural,Warangal Rural,10677,10677,0,0,0,0,0,0,0,District-wise numbers are out-dated as cumulative counts for each district are not reported in Telangana bulletin,
607,TG,Telangana,TG_Warangal Urban,Warangal Urban,26573,26550,23,0,0,0,0,0,0,District-wise numbers are out-dated as cumulative counts for each district are not reported in Telangana bulletin,
608,TG,Telangana,TG_Yadadri Bhuvanagiri,Yadadri Bhuvanagiri,11293,11293,0,0,0,0,0,0,0,District-wise numbers are out-dated as cumulative counts for each district are not reported in Telangana bulletin,
0,TN,Tamil Nadu,TN_Railway Quarantine,Railway Quarantine,428,0,428,0,0,0,0,0,0,,
0,TN,Tamil Nadu,TN_Airport Quarantine,Airport Quarantine,2104,6,2096,2,0,0,0,0,0,,
0,TN,Tamil Nadu,TN_Other State,Other State,0,0,0,0,0,0,0,0,0,,
544,TN,Tamil Nadu,TN_Ariyalur,Ariyalur,16360,159,15954,247,0,0,0,0,0,,
732,TN,Tamil Nadu,TN_Chengalpattu,Chengalpattu,165489,1083,161974,2432,0,0,0,0,0,,
545,TN,Tamil Nadu,TN_Chennai,Chennai,544323,1755,534166,8402,0,0,0,0,0,[July 22]: 444 backdated deceased entries added to Chennai in TN bulletin.,
546,TN,Tamil Nadu,TN_Coimbatore,Coimbatore,236266,2047,231951,2268,0,0,0,0,0,,
547,TN,Tamil Nadu,TN_Cuddalore,Cuddalore,62330,503,60988,839,0,0,0,0,0,,
548,TN,Tamil Nadu,TN_Dharmapuri,Dharmapuri,26874,236,26394,244,0,0,0,0,0,,
549,TN,Tamil Nadu,TN_Dindigul,Dindigul,32487,90,31766,631,0,0,0,0,0,,
550,TN,Tamil Nadu,TN_Erode,Erode,98545,1378,96510,657,0,0,0,0,0,,
734,TN,Tamil Nadu,TN_Kallakurichi,Kallakurichi,30132,291,29641,200,0,0,0,0,0,,
551,TN,Tamil Nadu,TN_Kancheepuram,Kancheepuram,72876,375,71270,1231,0,0,0,0,0,,
552,TN,Tamil Nadu,TN_Kanyakumari,Kanyakumari,61015,286,59696,1033,0,0,0,0,0,,
553,TN,Tamil Nadu,TN_Karur,Karur,23118,145,22621,352,0,0,0,0,0,,
554,TN,Tamil Nadu,TN_Krishnagiri,Krishnagiri,42103,210,41562,331,0,0,0,0,0,,
555,TN,Tamil Nadu,TN_Madurai,Madurai,74016,155,72707,1154,0,0,0,0,0,,
556,TN,Tamil Nadu,TN_Nagapattinam,Nagapattinam,19699,361,19033,305,0,0,0,0,0,,
557,TN,Tamil Nadu,TN_Namakkal,Namakkal,48895,531,47894,470,0,0,0,0,0,,
564,TN,Tamil Nadu,TN_Nilgiris,Nilgiris,31782,326,31261,195,0,0,0,0,0,,
558,TN,Tamil Nadu,TN_Perambalur,Perambalur,11714,71,11413,230,0,0,0,0,0,,
559,TN,Tamil Nadu,TN_Pudukkottai,Pudukkottai,29132,272,28470,390,0,0,0,0,0,,
560,TN,Tamil Nadu,TN_Ramanathapuram,Ramanathapuram,20196,46,19798,352,0,0,0,0,0,,
733,TN,Tamil Nadu,TN_Ranipet,Ranipet,42578,196,41627,755,0,0,0,0,0,,
561,TN,Tamil Nadu,TN_Salem,Salem,96188,787,93769,1632,0,0,0,0,0,,
562,TN,Tamil Nadu,TN_Sivaganga,Sivaganga,19391,214,18976,201,0,0,0,0,0,,
731,TN,Tamil Nadu,TN_Tenkasi,Tenkasi,27105,109,26512,484,0,0,0,0,0,,
563,TN,Tamil Nadu,TN_Thanjavur,Thanjavur,70927,887,69150,890,0,0,0,0,0,,
565,TN,Tamil Nadu,TN_Theni,Theni,43209,82,42612,515,0,0,0,0,0,,
566,TN,Tamil Nadu,TN_Thiruvallur,Thiruvallur,115869,669,113414,1786,0,0,0,0,0,,
567,TN,Tamil Nadu,TN_Thiruvarur,Thiruvarur,39058,350,38315,393,0,0,0,0,0,,
568,TN,Tamil Nadu,TN_Thoothukkudi,Thoothukkudi,55497,119,54979,399,0,0,0,0,0,,
569,TN,Tamil Nadu,TN_Tiruchirappalli,Tiruchirappalli,74431,552,72870,1009,0,0,0,0,0,,
570,TN,Tamil Nadu,TN_Tirunelveli,Tirunelveli,48461,148,47883,430,0,0,0,0,0,,
735,TN,Tamil Nadu,TN_Tirupathur,Tirupathur,28604,121,27869,614,0,0,0,0,0,,
571,TN,Tamil Nadu,TN_Tiruppur,Tiruppur,90380,749,88699,932,0,0,0,0,0,,
572,TN,Tamil Nadu,TN_Tiruvannamalai,Tiruvannamalai,53398,367,52380,651,0,0,0,0,0,,
573,TN,Tamil Nadu,TN_Vellore,Vellore,48872,299,47464,1109,0,0,0,0,0,,
574,TN,Tamil Nadu,TN_Viluppuram,Viluppuram,44844,326,44167,351,0,0,0,0,0,,
575,TN,Tamil Nadu,TN_Virudhunagar,Virudhunagar,45757,66,45147,544,0,0,0,0,0,,
736,TN,Tamil Nadu,TN_Mayiladuthurai,Mayiladuthurai,21928,253,21394,281,0,0,0,0,0,,
609,TR,Tripura,TR_Dhalai,Dhalai,6972,31,6905,35,1,0,0,0,0,,
610,TR,Tripura,TR_Gomati,Gomati,8000,65,7858,73,4,0,0,0,0,,
611,TR,Tripura,TR_Khowai,Khowai,4525,23,4449,53,0,0,0,0,0,,
612,TR,Tripura,TR_North Tripura,North Tripura,7104,79,6986,32,7,0,0,0,0,,
613,TR,Tripura,TR_Sipahijala,Sipahijala,6256,49,6132,74,1,0,0,0,0,,
614,TR,Tripura,TR_South Tripura,South Tripura,10058,103,9899,53,3,0,0,0,0,,
615,TR,Tripura,TR_Unokoti,Unokoti,8510,123,8317,66,4,0,0,0,0,,
616,TR,Tripura,TR_West Tripura,West Tripura,31533,444,30635,411,43,0,0,0,0,,
617,UP,Uttar Pradesh,UP_Agra,Agra,25748,8,25283,457,0,0,0,0,0,,
618,UP,Uttar Pradesh,UP_Aligarh,Aligarh,21276,0,21168,108,0,0,0,0,0,,
619,UP,Uttar Pradesh,UP_Ambedkar Nagar,Ambedkar Nagar,5036,7,4879,150,0,0,0,0,0,,
620,UP,Uttar Pradesh,UP_Amethi,Amethi,9959,0,9816,143,0,0,0,0,0,,
621,UP,Uttar Pradesh,UP_Amroha,Amroha,16614,2,16409,203,0,0,0,0,0,,
622,UP,Uttar Pradesh,UP_Auraiya,Auraiya,10083,1,9879,203,0,0,0,0,0,,
765,UP,Uttar Pradesh,UP_Ayodhya,Ayodhya,16917,0,16627,290,0,0,0,0,0,,
623,UP,Uttar Pradesh,UP_Azamgarh,Azamgarh,17899,3,17668,228,0,0,0,0,0,,
624,UP,Uttar Pradesh,UP_Baghpat,Baghpat,9131,0,8990,141,0,0,0,0,0,,
625,UP,Uttar Pradesh,UP_Bahraich,Bahraich,11547,1,11368,178,0,0,0,0,0,,
626,UP,Uttar Pradesh,UP_Ballia,Ballia,21609,0,21375,234,0,0,0,0,0,,
627,UP,Uttar Pradesh,UP_Balrampur,Balrampur,7490,1,7351,138,0,0,0,0,0,,
628,UP,Uttar Pradesh,UP_Banda,Banda,10990,0,10836,154,0,0,0,0,0,,
629,UP,Uttar Pradesh,UP_Barabanki,Barabanki,19839,7,19607,225,0,0,0,0,0,,
630,UP,Uttar Pradesh,UP_Bareilly,Bareilly,43982,4,43601,377,0,0,0,0,0,,
631,UP,Uttar Pradesh,UP_Basti,Basti,11714,0,11384,330,0,0,0,0,0,,
632,UP,Uttar Pradesh,UP_Bhadohi,Bhadohi,7718,1,7554,163,0,0,0,0,0,,
633,UP,Uttar Pradesh,UP_Bijnor,Bijnor,14790,0,14682,108,0,0,0,0,0,,
634,UP,Uttar Pradesh,UP_Budaun,Budaun,14930,5,14827,98,0,0,0,0,0,,
635,UP,Uttar Pradesh,UP_Bulandshahr,Bulandshahr,20205,0,19963,242,0,0,0,0,0,,
636,UP,Uttar Pradesh,UP_Chandauli,Chandauli,16205,3,15846,356,0,0,0,0,0,,
637,UP,Uttar Pradesh,UP_Chitrakoot,Chitrakoot,7108,0,7029,79,0,0,0,0,0,,
638,UP,Uttar Pradesh,UP_Deoria,Deoria,20210,0,19991,219,0,0,0,0,0,,
639,UP,Uttar Pradesh,UP_Etah,Etah,9966,0,9867,99,0,0,0,0,0,,
640,UP,Uttar Pradesh,UP_Etawah,Etawah,13932,2,13637,293,0,0,0,0,0,,
642,UP,Uttar Pradesh,UP_Farrukhabad,Farrukhabad,10343,0,10149,194,0,0,0,0,0,,
643,UP,Uttar Pradesh,UP_Fatehpur,Fatehpur,6812,1,6672,139,0,0,0,0,0,,
644,UP,Uttar Pradesh,UP_Firozabad,Firozabad,8718,3,8580,135,0,0,0,0,0,,
645,UP,Uttar Pradesh,UP_Gautam Buddha Nagar,Gautam Buddha Nagar,63264,12,62786,466,0,0,0,0,0,,
646,UP,Uttar Pradesh,UP_Ghaziabad,Ghaziabad,55638,6,55171,461,0,0,0,0,0,,
647,UP,Uttar Pradesh,UP_Ghazipur,Ghazipur,21636,1,21353,282,0,0,0,0,0,,
648,UP,Uttar Pradesh,UP_Gonda,Gonda,12282,0,12020,262,0,0,0,0,0,,
649,UP,Uttar Pradesh,UP_Gorakhpur,Gorakhpur,59400,9,58542,849,0,0,0,0,0,,
650,UP,Uttar Pradesh,UP_Hamirpur,Hamirpur,5232,0,5131,101,0,0,0,0,0,,
651,UP,Uttar Pradesh,UP_Hapur,Hapur,12634,2,12415,217,0,0,0,0,0,,
652,UP,Uttar Pradesh,UP_Hardoi,Hardoi,13754,0,13405,349,0,0,0,0,0,,
653,UP,Uttar Pradesh,UP_Hathras,Hathras,2920,2,2875,43,0,0,0,0,0,,
654,UP,Uttar Pradesh,UP_Jalaun,Jalaun,11662,2,11458,202,0,0,0,0,0,,
655,UP,Uttar Pradesh,UP_Jaunpur,Jaunpur,22571,0,22336,235,0,0,0,0,0,,
656,UP,Uttar Pradesh,UP_Jhansi,Jhansi,36545,1,35881,663,0,0,0,0,0,,
657,UP,Uttar Pradesh,UP_Kannauj,Kannauj,9226,2,9110,114,0,0,0,0,0,,
658,UP,Uttar Pradesh,UP_Kanpur Dehat,Kanpur Dehat,6197,0,6087,110,0,0,0,0,0,,
659,UP,Uttar Pradesh,UP_Kanpur Nagar,Kanpur Nagar,82914,5,81004,1905,0,0,0,0,0,,
660,UP,Uttar Pradesh,UP_Kasganj,Kasganj,4251,2,4196,53,0,0,0,0,0,,
661,UP,Uttar Pradesh,UP_Kaushambi,Kaushambi,4418,1,4347,70,0,0,0,0,0,,
663,UP,Uttar Pradesh,UP_Kushinagar,Kushinagar,15614,2,15384,228,0,0,0,0,0,,
662,UP,Uttar Pradesh,UP_Lakhimpur Kheri,Lakhimpur Kheri,24404,2,24110,292,0,0,0,0,0,,
664,UP,Uttar Pradesh,UP_Lalitpur,Lalitpur,12738,0,12610,128,0,0,0,0,0,,
665,UP,Uttar Pradesh,UP_Lucknow,Lucknow,238700,20,236029,2651,0,0,0,0,0,,
667,UP,Uttar Pradesh,UP_Maharajganj,Maharajganj,12422,1,12282,139,0,0,0,0,0,,
666,UP,Uttar Pradesh,UP_Mahoba,Mahoba,4268,0,4182,86,0,0,0,0,0,,
668,UP,Uttar Pradesh,UP_Mainpuri,Mainpuri,10025,20,9823,182,0,0,0,0,0,,
669,UP,Uttar Pradesh,UP_Mathura,Mathura,20282,23,19874,385,0,0,0,0,0,,
670,UP,Uttar Pradesh,UP_Mau,Mau,8326,0,8246,80,0,0,0,0,0,,
671,UP,Uttar Pradesh,UP_Meerut,Meerut,69441,10,68533,898,0,0,0,0,0,,
672,UP,Uttar Pradesh,UP_Mirzapur,Mirzapur,11085,2,10967,116,0,0,0,0,0,,
673,UP,Uttar Pradesh,UP_Moradabad,Moradabad,39098,2,38747,349,0,0,0,0,0,,
674,UP,Uttar Pradesh,UP_Muzaffarnagar,Muzaffarnagar,31004,0,30735,269,0,0,0,0,0,,
675,UP,Uttar Pradesh,UP_Pilibhit,Pilibhit,11029,0,10836,193,0,0,0,0,0,,
676,UP,Uttar Pradesh,UP_Pratapgarh,Pratapgarh,16031,4,15866,161,0,0,0,0,0,,
677,UP,Uttar Pradesh,UP_Prayagraj,Prayagraj,78643,18,77541,1084,0,0,0,0,0,,
678,UP,Uttar Pradesh,UP_Rae Bareli,Rae Bareli,17094,32,16738,324,0,0,0,0,0,,
679,UP,Uttar Pradesh,UP_Rampur,Rampur,11824,0,11676,148,0,0,0,0,0,,
680,UP,Uttar Pradesh,UP_Saharanpur,Saharanpur,32727,3,32304,420,0,0,0,0,0,,
681,UP,Uttar Pradesh,UP_Sambhal,Sambhal,9437,1,9330,106,0,0,0,0,0,,
682,UP,Uttar Pradesh,UP_Sant Kabir Nagar,Sant Kabir Nagar,8157,1,8058,98,0,0,0,0,0,,
683,UP,Uttar Pradesh,UP_Shahjahanpur,Shahjahanpur,20356,2,19911,443,0,0,0,0,0,,
684,UP,Uttar Pradesh,UP_Shamli,Shamli,12975,0,12930,45,0,0,0,0,0,,
685,UP,Uttar Pradesh,UP_Shrawasti,Shrawasti,4387,2,4350,35,0,0,0,0,0,,
686,UP,Uttar Pradesh,UP_Siddharthnagar,Siddharthnagar,9369,4,9265,100,0,0,0,0,0,,
687,UP,Uttar Pradesh,UP_Sitapur,Sitapur,12394,0,12209,185,0,0,0,0,0,,
688,UP,Uttar Pradesh,UP_Sonbhadra,Sonbhadra,16805,2,16552,251,0,0,0,0,0,,
689,UP,Uttar Pradesh,UP_Sultanpur,Sultanpur,14913,0,14775,138,0,0,0,0,0,,
690,UP,Uttar Pradesh,UP_Unnao,Unnao,15005,1,14750,254,0,0,0,0,0,,
691,UP,Uttar Pradesh,UP_Varanasi,Varanasi,85483,4,84508,971,0,0,0,0,0,,
692,UT,Uttarakhand,UT_Almora,Almora,12151,5,11344,195,607,0,0,0,0,,
693,UT,Uttarakhand,UT_Bageshwar,Bageshwar,5748,1,5662,60,25,0,0,0,0,,
694,UT,Uttarakhand,UT_Chamoli,Chamoli,12176,37,11874,62,203,0,0,0,0,,
695,UT,Uttarakhand,UT_Champawat,Champawat,7556,18,7314,53,171,0,0,0,0,,
696,UT,Uttarakhand,UT_Dehradun,Dehradun,112069,140,107838,3515,576,0,0,0,0,,
697,UT,Uttarakhand,UT_Haridwar,Haridwar,51429,11,49042,1016,1360,0,0,0,0,,
698,UT,Uttarakhand,UT_Nainital,Nainital,39133,30,38029,944,130,0,0,0,0,,
699,UT,Uttarakhand,UT_Pauri Garhwal,Pauri Garhwal,17603,58,16530,314,701,0,0,0,0,,
700,UT,Uttarakhand,UT_Pithoragarh,Pithoragarh,10204,30,9887,180,107,0,0,0,0,,
701,UT,Uttarakhand,UT_Rudraprayag,Rudraprayag,8766,17,8498,106,145,0,0,0,0,,
702,UT,Uttarakhand,UT_Tehri Garhwal,Tehri Garhwal,15821,3,14821,107,890,0,0,0,0,,
703,UT,Uttarakhand,UT_Udham Singh Nagar,Udham Singh Nagar,37855,10,36288,761,796,0,0,0,0,,
704,UT,Uttarakhand,UT_Uttarkashi,Uttarkashi,12490,5,12070,74,341,0,0,0,0,,
705,WB,West Bengal,WB_Alipurduar,Alipurduar,15227,144,14984,99,0,0,0,0,0,,
706,WB,West Bengal,WB_Bankura,Bankura,35185,301,34618,266,0,0,0,0,0,,
707,WB,West Bengal,WB_Birbhum,Birbhum,40553,91,40177,285,0,0,0,0,0,,
708,WB,West Bengal,WB_Cooch Behar,Cooch Behar,28488,361,28032,95,0,0,0,0,0,,
709,WB,West Bengal,WB_Dakshin Dinajpur,Dakshin Dinajpur,17135,112,16855,168,0,0,0,0,0,,
710,WB,West Bengal,WB_Darjeeling,Darjeeling,55225,772,53936,517,0,0,0,0,0,,
711,WB,West Bengal,WB_Hooghly,Hooghly,82998,548,81511,939,0,0,0,0,0,,
712,WB,West Bengal,WB_Howrah,Howrah,95640,507,93637,1496,0,0,0,0,0,,
713,WB,West Bengal,WB_Jalpaiguri,Jalpaiguri,40850,389,39908,553,0,0,0,0,0,,
714,WB,West Bengal,WB_Jhargram,Jhargram,11705,198,11480,27,0,0,0,0,0,,
715,WB,West Bengal,WB_Kalimpong,Kalimpong,6723,154,6518,51,0,0,0,0,0,,
716,WB,West Bengal,WB_Kolkata,Kolkata,312974,1106,306859,5009,0,0,0,0,0,,
717,WB,West Bengal,WB_Malda,Malda,32828,74,32569,185,0,0,0,0,0,,
719,WB,West Bengal,WB_Murshidabad,Murshidabad,33727,55,33347,325,0,0,0,0,0,,
720,WB,West Bengal,WB_Nadia,Nadia,70525,570,69205,750,0,0,0,0,0,,
721,WB,West Bengal,WB_North 24 Parganas,North 24 Parganas,321951,1145,316171,4635,0,0,0,0,0,,
0,WB,West Bengal,WB_Other State,Other State,66,0,63,3,0,0,0,0,0,,
722,WB,West Bengal,WB_Paschim Bardhaman,Paschim Bardhaman,56711,196,56164,351,0,0,0,0,0,,
718,WB,West Bengal,WB_Paschim Medinipur,Paschim Medinipur,51836,471,50864,501,0,0,0,0,0,,
723,WB,West Bengal,WB_Purba Bardhaman,Purba Bardhaman,40613,265,40161,187,0,0,0,0,0,,
724,WB,West Bengal,WB_Purba Medinipur,Purba Medinipur,61697,541,60774,382,0,0,0,0,0,,
725,WB,West Bengal,WB_Purulia,Purulia,19280,49,19118,113,0,0,0,0,0,,
726,WB,West Bengal,WB_South 24 Parganas,South 24 Parganas,97737,685,95765,1287,0,0,0,0,0,,
727,WB,West Bengal,WB_Uttar Dinajpur,Uttar Dinajpur,19609,67,19307,235,0,0,0,0,0,,
728,AN,Andaman and Nicobar Islands,AN_Unknown,Unknown,7514,-13,7398,129,0,0,0,0,0,,
729,AP,Andhra Pradesh,AP_Unknown,Unknown,0,0,0,0,0,0,0,0,0,,
730,AR,Arunachal Pradesh,AR_Unknown,Unknown,0,0,0,0,0,0,0,0,0,,
731,AS,Assam,AS_Unknown,Unknown,112271,-421856,531611,1169,1347,0,0,0,0,,
732,BR,Bihar,BR_Unknown,Unknown,0,0,0,0,0,0,0,0,0,,
733,CH,Chandigarh,CH_Unknown,Unknown,0,0,0,0,0,0,0,0,0,,
734,CT,Chhattisgarh,CT_Unknown,Unknown,0,0,0,0,0,0,0,0,0,,
735,DN,Dadra and Nagar Haveli and Daman and Diu,DN_Unknown,Unknown,0,0,0,0,0,0,0,0,0,,
737,DL,Delhi,DL_Unknown,Unknown,1437012,-444,1412375,25081,0,0,0,0,0,,
738,GA,Goa,GA_Unknown,Unknown,167671,-2737,167398,3010,0,0,0,0,0,,
739,GJ,Gujarat,GJ_Unknown,Unknown,0,0,0,0,0,0,0,0,0,,
740,HR,Haryana,HR_Unknown,Unknown,0,0,0,0,0,0,0,0,0,,
741,HP,Himachal Pradesh,HP_Unknown,Unknown,0,0,0,0,0,0,0,0,0,,
742,JK,Jammu and Kashmir,JK_Unknown,Unknown,0,0,0,0,0,0,0,0,0,,
743,JH,Jharkhand,JH_Unknown,Unknown,0,0,0,0,0,0,0,0,0,,
744,KA,Karnataka,KA_Unknown,Unknown,0,0,0,0,0,0,0,0,0,,
745,KL,Kerala,KL_Unknown,Unknown,0,0,0,0,0,0,0,0,0,,
746,LA,Ladakh,LA_Unknown,Unknown,0,0,0,0,0,0,0,0,0,,
747,LD,Lakshadweep,LD_Unknown,Unknown,0,-1,0,1,0,0,0,0,0,,
748,MP,Madhya Pradesh,MP_Unknown,Unknown,1384,-1105,1004,1485,0,0,0,0,0,,
749,MH,Maharashtra,MH_Unknown,Unknown,0,0,0,0,0,0,0,0,0,,
750,MN,Manipur,MN_Unknown,Unknown,1697,-105219,106823,93,0,0,0,0,0,,
751,ML,Meghalaya,ML_Unknown,Unknown,0,0,0,0,0,0,0,0,0,,
752,MZ,Mizoram,MZ_Unknown,Unknown,0,0,0,0,0,0,0,0,0,,
753,NL,Nagaland,NL_Unknown,Unknown,0,0,0,0,0,0,0,0,0,,
754,OR,Odisha,OR_Unknown,Unknown,0,0,0,0,0,0,0,0,0,,
755,PY,Puducherry,PY_Unknown,Unknown,0,0,0,0,0,0,0,0,0,,
756,PB,Punjab,PB_Unknown,Unknown,0,0,0,0,0,0,0,0,0,,
757,RJ,Rajasthan,RJ_Unknown,Unknown,0,0,0,0,0,0,0,0,0,,
758,SK,Sikkim,SK_Unknown,Unknown,419,-22635,22698,200,156,0,0,0,0,,
759,TN,Tamil Nadu,TN_Unknown,Unknown,0,0,0,0,0,0,0,0,0,,
760,TG,Telangana,TG_Unknown,Unknown,1055,-650888,648097,3846,0,0,0,0,0,,
761,TR,Tripura,TR_Unknown,Unknown,0,0,0,0,0,0,0,0,0,,
762,UP,Uttar Pradesh,UP_Unknown,Unknown,0,0,0,0,0,0,0,0,0,,
763,UT,Uttarakhand,UT_Unknown,Unknown,0,0,0,0,0,0,0,0,0,,
764,WB,West Bengal,WB_Unknown,Unknown,0,0,0,0,0,0,0,0,0,,